Event,Label,Mean,Std,Skewness,Kurtosis,RMS,Peak,Energy,Zero_Cross,Dominant_Freq,SpectralCentroid,SpectralEntropy,Back_Azimuth,Slowness,Beam_Power,N_Trace,N_Station,Source_Files
20230910_123610-123810,Multiphase,2.988485014273951e-11,2.5941917883932592e-05,0.002797549727314006,9.269173784843948,2.5941917883978237e-05,0.00015432221854916832,8.163203805811833e-06,282.8,1.0165819515040413,1.0930211985331297,5.156878600734883,356.0,1.3099999999999998,0.7725506284016385,5,5,20230910_123610-123810_R0279.mseed;20230910_123610-123810_R265F.mseed;20230910_123610-123810_R6940.mseed;20230910_123610-123810_R7D17.mseed;20230910_123610-123810_RE5DE.mseed
20230903_045040-045240,Multiphase,4.683646918340932e-11,3.594005525493692e-06,-0.008998261245957446,4.321359657763522,3.594005526300836e-06,2.093371343304513e-05,1.556458957663256e-07,292.0,1.139905007916007,1.1943768164572544,6.193954787699818,4.0,1.3099999999999998,0.6702864089724786,5,5,20230903_045040-045240_R0279.mseed;20230903_045040-045240_R265F.mseed;20230903_045040-045240_R6940.mseed;20230903_045040-045240_R7D17.mseed;20230903_045040-045240_RE5DE.mseed
20230903_010240-010440,Multiphase,-2.957743948326675e-11,2.8997494990749087e-06,-0.02181660093278604,5.97886850292164,2.899749499994558e-06,1.9708302320646797e-05,1.0108512156569946e-07,292.6,1.006582784767936,1.1880196405282066,6.25113017953615,32.0,1.2099999999999997,0.7295444996408016,5,5,20230903_010240-010440_R0279.mseed;20230903_010240-010440_R265F.mseed;20230903_010240-010440_R6940.mseed;20230903_010240-010440_R7D17.mseed;20230903_010240-010440_RE5DE.mseed
20230824_190420-190620,Multiphase,3.2547101711987945e-11,3.3827827547997693e-06,0.00684206136286733,2.1070852198106875,3.3827827552662676e-06,1.5035162302425227e-05,1.3744502130463958e-07,269.2,1.0249145904507957,1.1288928639762792,5.975976014937459,352.0,1.0699999999999998,0.5797723529309993,5,5,20230824_190420-190620_R0279.mseed;20230824_190420-190620_R265F.mseed;20230824_190420-190620_R6940.mseed;20230824_190420-190620_R7D17.mseed;20230824_190420-190620_RE5DE.mseed
20230830_030540-030740,Multiphase,5.635943935934033e-11,1.0410185695456123e-05,0.003100569013460843,6.934196352294248,1.0410185695833681e-05,5.8617272078892576e-05,1.314891020652585e-06,296.6,1.0132488959253396,1.1225643845091369,5.800876746618124,356.0,1.2299999999999998,0.7356631505938258,5,5,20230830_030540-030740_R0279.mseed;20230830_030540-030740_R265F.mseed;20230830_030540-030740_R6940.mseed;20230830_030540-030740_R7D17.mseed;20230830_030540-030740_RE5DE.mseed
20230831_060010-060210,Multiphase,1.1284940925173101e-10,4.7938798700422364e-06,0.013594506541014042,11.419082267797004,4.79387987189387e-06,3.288393308893694e-05,3.0767046595686643e-07,298.2,0.933255562036497,1.1915207503059422,6.120926564376222,6.0,0.7499999999999999,0.5620626563308838,5,5,20230831_060010-060210_R0279.mseed;20230831_060010-060210_R265F.mseed;20230831_060010-060210_R6940.mseed;20230831_060010-060210_R7D17.mseed;20230831_060010-060210_RE5DE.mseed
20230821_150400-150600,Multiphase,-3.5057439470495855e-11,3.2238614779793273e-06,-0.014502860746333116,5.835749338813769,3.2238614782655905e-06,1.859393305731888e-05,1.2679802098563445e-07,280.0,0.9032580618281809,1.1327634097717314,6.059801534681742,358.0,1.4899999999999998,0.5645667549371,5,5,20230821_150400-150600_R0279.mseed;20230821_150400-150600_R265F.mseed;20230821_150400-150600_R6940.mseed;20230821_150400-150600_R7D17.mseed;20230821_150400-150600_RE5DE.mseed
20230906_014600-014800,Multiphase,5.594788778033404e-11,5.612867952777589e-06,0.0027647261117881225,7.135237527918787,5.6128679541438165e-06,3.8247188805611826e-05,3.785840772196868e-07,299.4,0.9899175068744273,1.2045732797119804,6.254774378768711,2.0,1.4099999999999997,0.734286137166424,5,5,20230906_014600-014800_R0279.mseed;20230906_014600-014800_R265F.mseed;20230906_014600-014800_R6940.mseed;20230906_014600-014800_R7D17.mseed;20230906_014600-014800_RE5DE.mseed
20230823_170440-170640,Multiphase,1.2128879971026105e-11,3.432993293639274e-06,0.03885649240151754,2.1529089682976936,3.4329932941064907e-06,1.628021728178355e-05,1.4184728952262018e-07,277.6,0.8949254228814265,1.1511677676384822,6.066841754727197,0.0,1.2099999999999997,0.6755515595868982,5,5,20230823_170440-170640_R0279.mseed;20230823_170440-170640_R265F.mseed;20230823_170440-170640_R6940.mseed;20230823_170440-170640_R7D17.mseed;20230823_170440-170640_RE5DE.mseed
20230831_041000-041200,Multiphase,-9.855321021073285e-11,1.0449926387124991e-05,0.007823743264436843,9.581494753822792,1.0449926387605018e-05,7.235745505362377e-05,1.3119269520604788e-06,297.2,0.9299225064577952,1.1487376878183517,6.118879221870339,2.0,1.3699999999999999,0.8053288320274491,5,5,20230831_041000-041200_R0279.mseed;20230831_041000-041200_R265F.mseed;20230831_041000-041200_R6940.mseed;20230831_041000-041200_R7D17.mseed;20230831_041000-041200_RE5DE.mseed
20230909_001930-002130,Multiphase,-1.5353269707565074e-10,4.892762372462115e-06,-0.01634531481765322,1.6142408572738618,4.892762374940051e-06,2.183473356386765e-05,2.924289441642723e-07,268.4,0.8982584784601283,1.0504135502855014,5.744096869337496,118.0,0.7899999999999999,0.6649874379764685,5,5,20230909_001930-002130_R0279.mseed;20230909_001930-002130_R265F.mseed;20230909_001930-002130_R6940.mseed;20230909_001930-002130_R7D17.mseed;20230909_001930-002130_RE5DE.mseed
20230909_012235-012435,Multiphase,-2.383773688600192e-11,1.0489856098884035e-05,-0.0011547093146615697,9.043879903752877,1.0489856098930267e-05,6.771075606084628e-05,1.3319719357370922e-06,306.8,1.226564452962253,1.2677720691817669,5.994571833326537,356.0,1.2299999999999998,0.7457251893174144,5,5,20230909_012235-012435_R0279.mseed;20230909_012235-012435_R265F.mseed;20230909_012235-012435_R6940.mseed;20230909_012235-012435_R7D17.mseed;20230909_012235-012435_RE5DE.mseed
20230911_140240-140440,Multiphase,-2.5459179992656074e-11,5.9225830101769755e-06,0.016337600310029406,7.300734280382038,5.922583010258062e-06,3.856633415664452e-05,4.223706256780972e-07,297.4,1.0299141738188484,1.195810786910273,6.18402315019551,0.0,1.4099999999999997,0.7412910229065802,5,5,20230911_140240-140440_R0279.mseed;20230911_140240-140440_R265F.mseed;20230911_140240-140440_R6940.mseed;20230911_140240-140440_R7D17.mseed;20230911_140240-140440_RE5DE.mseed
20230903_045500-045700,Multiphase,-9.296161807143152e-11,9.251926269890791e-05,-0.004520932871942262,10.272132707226076,9.251926269896845e-05,0.0005775297223870833,0.00010309830232990022,279.2,0.9782518123489709,1.0649389282161956,5.459778895060994,0.0,1.3499999999999999,0.8362326010310184,5,5,20230903_045500-045700_R0279.mseed;20230903_045500-045700_R265F.mseed;20230903_045500-045700_R6940.mseed;20230903_045500-045700_R7D17.mseed;20230903_045500-045700_RE5DE.mseed
20230902_183700-183900,Multiphase,-7.866295868652685e-12,1.0740552670454522e-05,0.010744394332870113,9.24561161602642,1.0740552670669985e-05,6.829310867563895e-05,1.3914884259020725e-06,285.6,1.226564452962253,1.2506220951212421,5.954548098420604,354.0,1.2299999999999998,0.7670669892377612,5,5,20230902_183700-183900_R0279.mseed;20230902_183700-183900_R265F.mseed;20230902_183700-183900_R6940.mseed;20230902_183700-183900_R7D17.mseed;20230902_183700-183900_RE5DE.mseed
20230830_160200-160400,Multiphase,-4.106078590762563e-11,3.8065688351988904e-06,-0.008146428538120906,2.6880408150638324,3.8065688361996454e-06,1.7678915692474573e-05,1.75050613634687e-07,278.8,0.9849179235063744,1.157817697301754,5.9344942353843555,352.0,1.1899999999999997,0.5810745782538154,5,5,20230830_160200-160400_R0279.mseed;20230830_160200-160400_R265F.mseed;20230830_160200-160400_R6940.mseed;20230830_160200-160400_R7D17.mseed;20230830_160200-160400_RE5DE.mseed
20230822_204900-205100,Multiphase,1.8351150369842635e-11,5.557145133744016e-06,-0.012491039029317134,6.785007054905192,5.557145133816672e-06,3.123695497497788e-05,3.718171490672059e-07,276.2,0.963253062244813,1.0967097502815288,5.825261757736651,358.0,1.3499999999999999,0.8101487569332491,5,5,20230822_204900-205100_R0279.mseed;20230822_204900-205100_R265F.mseed;20230822_204900-205100_R6940.mseed;20230822_204900-205100_R7D17.mseed;20230822_204900-205100_RE5DE.mseed
20230825_215820-220020,Multiphase,5.391224479738635e-12,2.8629128777206744e-06,-0.00013711747937229565,1.2072171921754462,2.862912877750723e-06,1.2409108589619763e-05,9.877961480149515e-08,284.6,0.9865844512957253,1.1436588497916922,6.068512311770264,352.0,1.17,0.698279698206656,5,5,20230825_215820-220020_R0279.mseed;20230825_215820-220020_R265F.mseed;20230825_215820-220020_R6940.mseed;20230825_215820-220020_R7D17.mseed;20230825_215820-220020_RE5DE.mseed
20230906_083130-083330,Multiphase,1.4154220898076845e-12,9.210948840378846e-06,0.016231521013411826,9.926798197509218,9.21094884044218e-06,6.463379252328647e-05,1.0199467845392109e-06,296.0,0.9515873677193568,1.161429392675967,6.166113577989103,0.0,1.4099999999999997,0.7940412460673142,5,5,20230906_083130-083330_R0279.mseed;20230906_083130-083330_R265F.mseed;20230906_083130-083330_R6940.mseed;20230906_083130-083330_R7D17.mseed;20230906_083130-083330_RE5DE.mseed
20230825_162400-162600,Multiphase,6.985805547589209e-11,2.5386017138113723e-06,0.01698108377053554,1.1015556403426143,2.5386017154636634e-06,1.1062729256089477e-05,7.751799046088034e-08,286.0,0.9165902841429882,1.1451838923979287,6.063196412481543,358.0,1.2899999999999998,0.5213447306841511,5,5,20230825_162400-162600_R0279.mseed;20230825_162400-162600_R265F.mseed;20230825_162400-162600_R6940.mseed;20230825_162400-162600_R7D17.mseed;20230825_162400-162600_RE5DE.mseed
20230901_034640-034840,Multiphase,2.7080432826380873e-11,3.341954131431549e-06,-0.002746695208479877,1.1966922933233328,3.3419541316835404e-06,1.4687533770156911e-05,1.3460238800518906e-07,305.8,1.153237230230814,1.2260569959879628,6.265776096709731,354.0,0.9899999999999999,0.564543437699794,5,5,20230901_034640-034840_R0279.mseed;20230901_034640-034840_R265F.mseed;20230901_034640-034840_R6940.mseed;20230901_034640-034840_R7D17.mseed;20230901_034640-034840_RE5DE.mseed
20230910_130540-130740,Multiphase,3.990123403374976e-11,2.7788459424498e-06,0.014698027353288368,2.2501915185843226,2.7788459432578435e-06,1.3117949665599943e-05,9.311362807743748e-08,289.8,0.9349220898258478,1.1851960884142394,6.1500299647406,358.0,1.3699999999999999,0.5887524267107763,5,5,20230910_130540-130740_R0279.mseed;20230910_130540-130740_R265F.mseed;20230910_130540-130740_R6940.mseed;20230910_130540-130740_R7D17.mseed;20230910_130540-130740_RE5DE.mseed
20230823_171800-172000,Multiphase,1.2782512245732523e-11,4.982673406300727e-06,0.017565172572418995,5.338370211239375,4.982673406462709e-06,2.8289054814705732e-05,2.993196678748584e-07,286.2,0.9349220898258478,1.216983597301318,6.2377690179617975,354.0,1.2099999999999997,0.6932917806144904,5,5,20230823_171800-172000_R0279.mseed;20230823_171800-172000_R265F.mseed;20230823_171800-172000_R6940.mseed;20230823_171800-172000_R7D17.mseed;20230823_171800-172000_RE5DE.mseed
20230831_204140-204340,Multiphase,-2.5027295881580694e-11,3.52692326724358e-06,0.0031370482662986406,2.335866563123461,3.5269232679284848e-06,1.6071234809478633e-05,1.498376901900293e-07,289.6,1.139905007916007,1.2643218297695433,6.175561256813227,208.0,0.16999999999999998,0.6287903010133612,5,5,20230831_204140-204340_R0279.mseed;20230831_204140-204340_R265F.mseed;20230831_204140-204340_R6940.mseed;20230831_204140-204340_R7D17.mseed;20230831_204140-204340_RE5DE.mseed
20230830_112700-112900,Multiphase,-3.1373356699745564e-11,3.0774515319908153e-06,0.01335318007931215,1.212546751037338,3.077451532247182e-06,1.2370621350081008e-05,1.1379106520417598e-07,289.6,0.9282559786684443,1.1759798206963008,6.08994433240248,356.0,1.3299999999999998,0.7022180644196692,5,5,20230830_112700-112900_R0279.mseed;20230830_112700-112900_R265F.mseed;20230830_112700-112900_R6940.mseed;20230830_112700-112900_R7D17.mseed;20230830_112700-112900_RE5DE.mseed
20230908_093740-093940,Multiphase,-2.1187945032317426e-11,4.9503455455607555e-06,-0.001035545766120342,1.0124262172761285,4.950345545662257e-06,1.9772591058551376e-05,2.9603716665049524e-07,283.75,0.9082576451962336,1.1134561796962466,5.3617171899776785,176.0,0.18999999999999997,0.845045974177042,4,4,20230908_093740-093940_R0279.mseed;20230908_093740-093940_R6940.mseed;20230908_093740-093940_R7D17.mseed;20230908_093740-093940_RE5DE.mseed
20230824_050840-051040,Multiphase,-3.2109702658605464e-11,4.052713849279918e-06,0.01315176380691932,1.8805298542263167,4.052713849668901e-06,1.8865125771869593e-05,1.979209760766784e-07,283.6,0.9382551454045496,1.1615774448814047,6.131749630591364,354.0,0.9299999999999998,0.5586662791025149,5,5,20230824_050840-051040_R0279.mseed;20230824_050840-051040_R265F.mseed;20230824_050840-051040_R6940.mseed;20230824_050840-051040_R7D17.mseed;20230824_050840-051040_RE5DE.mseed
20230902_181620-181820,Multiphase,3.630050225853375e-11,3.6295288527584466e-06,0.01689324048396008,4.003597881010042,3.6295288532597627e-06,1.9698996221987625e-05,1.5857637885647734e-07,284.6,1.1015748687609368,1.1965207272159346,6.185838030509449,2.0,1.2499999999999998,0.689563903196103,5,5,20230902_181620-181820_R0279.mseed;20230902_181620-181820_R265F.mseed;20230902_181620-181820_R6940.mseed;20230902_181620-181820_R7D17.mseed;20230902_181620-181820_RE5DE.mseed
20230904_120740-120940,Multiphase,5.1584639470536373e-11,2.8198341236846054e-06,-0.00931033351405504,0.9403417075123987,2.819834124445233e-06,1.1664498190148171e-05,9.568139582508945e-08,284.0,0.9265894508790934,1.16953947735588,6.164641612552478,0.0,1.0299999999999998,0.5579141058588566,5,5,20230904_120740-120940_R0279.mseed;20230904_120740-120940_R265F.mseed;20230904_120740-120940_R6940.mseed;20230904_120740-120940_R7D17.mseed;20230904_120740-120940_RE5DE.mseed
20230825_165020-165220,Multiphase,4.4855403254944273e-11,2.7043027607059744e-06,-0.00792185405482163,2.505264806148861,2.7043027614124253e-06,1.3276677359875502e-05,8.817935853982754e-08,285.4,1.1582368135988665,1.1892855196838554,6.165738539016197,356.0,1.1099999999999999,0.5851638674558172,5,5,20230825_165020-165220_R0279.mseed;20230825_165020-165220_R265F.mseed;20230825_165020-165220_R6940.mseed;20230825_165020-165220_R7D17.mseed;20230825_165020-165220_RE5DE.mseed
20230912_012700-012900,Multiphase,-4.1083743289171535e-11,7.939163537496521e-06,0.06172631519706827,3.8534259013746532,7.939163537727198e-06,4.422382880433095e-05,7.59116474091645e-07,298.0,1.0061661528205983,1.2188992022077307,6.131122200336199,132.0,0.18999999999999997,0.8167965458217719,4,4,20230912_012700-012900_R0279.mseed;20230912_012700-012900_R6940.mseed;20230912_012700-012900_R7D17.mseed;20230912_012700-012900_RE5DE.mseed
20230825_072210-072410,Multiphase,-1.9541238050041272e-11,5.777997816171815e-06,0.01035627489408573,8.259597897202433,5.777997816313033e-06,4.1832831406444926e-05,5.276651750610258e-07,293.4,0.9799183401383218,1.1521412943059635,6.115791758579463,354.0,1.17,0.6777765196218406,5,5,20230825_072210-072410_R0279.mseed;20230825_072210-072410_R265F.mseed;20230825_072210-072410_R6940.mseed;20230825_072210-072410_R7D17.mseed;20230825_072210-072410_RE5DE.mseed
20230903_012340-012540,Multiphase,-1.1356147084710853e-10,3.6289669137733953e-06,0.0020512327819770144,2.41988481201809,3.628966915577472e-06,1.709413282720224e-05,1.5862360277370993e-07,294.2,1.2365636196983585,1.2457810616953677,6.213813534434811,356.0,1.3699999999999999,0.6622550594918348,5,5,20230903_012340-012540_R0279.mseed;20230903_012340-012540_R265F.mseed;20230903_012340-012540_R6940.mseed;20230903_012340-012540_R7D17.mseed;20230903_012340-012540_RE5DE.mseed
20230910_210900-211100,Multiphase,3.727644512336661e-11,2.280734725936421e-06,-0.009455907088732857,0.7296624820279297,2.280734726440049e-06,8.761191916005314e-06,6.253019406865227e-08,299.4,1.3182234813765519,1.245017870844814,6.255221574294241,350.0,1.15,0.6094186048237172,5,5,20230910_210900-211100_R0279.mseed;20230910_210900-211100_R265F.mseed;20230910_210900-211100_R6940.mseed;20230910_210900-211100_R7D17.mseed;20230910_210900-211100_RE5DE.mseed
20230906_192300-192500,Multiphase,1.4575469453929138e-10,3.4095357509720868e-06,0.015126700057231593,2.783535400558784,3.409535754291234e-06,1.746732647248231e-05,1.401341650082833e-07,269.0,0.9399216731939004,1.1523528419874982,6.082805140471127,354.0,1.0499999999999998,0.5609895192028688,5,5,20230906_192300-192500_R0279.mseed;20230906_192300-192500_R265F.mseed;20230906_192300-192500_R6940.mseed;20230906_192300-192500_R7D17.mseed;20230906_192300-192500_RE5DE.mseed
20230906_084320-084520,Multiphase,-8.360602611287841e-11,4.938983940364632e-06,0.012175455881852771,2.885479873723801,4.938983941463189e-06,2.491513357043075e-05,2.935158287728831e-07,290.6,1.063244729605866,1.219178102523641,6.174002637913453,352.0,1.0899999999999999,0.5254301292725888,5,5,20230906_084320-084520_R0279.mseed;20230906_084320-084520_R265F.mseed;20230906_084320-084520_R6940.mseed;20230906_084320-084520_R7D17.mseed;20230906_084320-084520_RE5DE.mseed
20230905_125710-125910,Multiphase,-7.396139132509597e-11,3.0670072855660845e-06,-0.007718735388735967,0.957143319672938,3.067007286700486e-06,1.2426362651009614e-05,1.1350363011024617e-07,288.8,1.0815765352887259,1.1755443822325056,6.199588018981489,352.0,0.9099999999999998,0.6081581657239211,5,5,20230905_125710-125910_R0279.mseed;20230905_125710-125910_R265F.mseed;20230905_125710-125910_R6940.mseed;20230905_125710-125910_R7D17.mseed;20230905_125710-125910_RE5DE.mseed
20230907_132440-132640,Multiphase,2.8128338709480076e-11,3.7128916515095182e-06,0.0006970504029551864,2.261521686126141,3.712891652089844e-06,1.6999427369113667e-05,1.6582535079999159e-07,290.0,0.9982501458211814,1.1836859863754956,6.024949051663823,358.0,1.1899999999999997,0.6612161383928027,5,5,20230907_132440-132640_R0279.mseed;20230907_132440-132640_R265F.mseed;20230907_132440-132640_R6940.mseed;20230907_132440-132640_R7D17.mseed;20230907_132440-132640_RE5DE.mseed
20230902_210240-210440,Multiphase,-8.384431698476964e-12,2.4645740332480517e-06,0.00642460277500768,1.1009987222021986,2.4645740338791777e-06,1.0645523676634445e-05,7.353330259416038e-08,276.4,0.8965919506707773,1.182483319400462,6.217494396034851,158.0,0.3499999999999999,0.5889606493133678,5,5,20230902_210240-210440_R0279.mseed;20230902_210240-210440_R265F.mseed;20230902_210240-210440_R6940.mseed;20230902_210240-210440_R7D17.mseed;20230902_210240-210440_RE5DE.mseed
20230911_033940-034140,Multiphase,-8.305468754942074e-11,3.4496863200295967e-06,0.006891014280922115,1.5653280598195065,3.4496863231436752e-06,1.5493643742119763e-05,1.4438665021228293e-07,304.8,1.2448962586451129,1.2302416439301322,6.144505879715845,358.0,1.0899999999999999,0.4008019614538461,5,5,20230911_033940-034140_R0279.mseed;20230911_033940-034140_R265F.mseed;20230911_033940-034140_R6940.mseed;20230911_033940-034140_R7D17.mseed;20230911_033940-034140_RE5DE.mseed
20230907_171230-171430,Multiphase,6.794209206261258e-11,3.169012696352865e-06,0.0007223323467098787,3.5116434440308737,3.169012697494095e-06,1.6171584043667197e-05,1.2125305364915648e-07,275.6,1.0165819515040413,1.1244878628486095,5.829356769354268,352.0,1.2699999999999998,0.6908329878940385,5,5,20230907_171230-171430_R0279.mseed;20230907_171230-171430_R265F.mseed;20230907_171230-171430_R6940.mseed;20230907_171230-171430_R7D17.mseed;20230907_171230-171430_RE5DE.mseed
20230816_163710-163910,Multiphase,1.2854323412051357e-11,3.6968024149834755e-06,0.011266878909376226,4.240038897364376,3.6968024152953052e-06,2.0141160620864268e-05,1.6457889468476472e-07,274.4,0.9765995889231451,1.1495337448641094,6.124377004634212,2.0,1.4899999999999998,0.6633803112601611,5,5,20230816_163710-163910_R0279.mseed;20230816_163710-163910_R265F.mseed;20230816_163710-163910_R6940.mseed;20230816_163710-163910_R7D17.mseed;20230816_163710-163910_RE5DE.mseed
20230818_005140-005340,Multiphase,7.792165789071569e-12,4.359597351327619e-06,-0.030071831634467167,3.506669571173815,4.359597351881798e-06,2.2413735606366493e-05,2.285735457109214e-07,284.0,0.8816076438074605,1.1619518889965366,6.169389444787093,356.0,1.3099999999999998,0.6695350659951133,5,5,20230818_005140-005340_R0279.mseed;20230818_005140-005340_R265F.mseed;20230818_005140-005340_R6940.mseed;20230818_005140-005340_R7D17.mseed;20230818_005140-005340_RE5DE.mseed
20230905_152730-152930,Multiphase,7.67898137771112e-11,3.904196374377554e-06,0.0012585957555897246,2.8934641604450837,3.904196375366112e-06,1.9291205070964017e-05,1.8354286386188485e-07,289.2,1.0399133405549539,1.1689878127663875,6.119498928184082,358.0,0.8899999999999999,0.594659045672071,5,5,20230905_152730-152930_R0279.mseed;20230905_152730-152930_R265F.mseed;20230905_152730-152930_R6940.mseed;20230905_152730-152930_R7D17.mseed;20230905_152730-152930_RE5DE.mseed
20230902_183500-183700,Multiphase,1.6022651865573964e-11,1.2091050911247267e-05,0.014503440277170815,7.3915922086063315,1.209105091127304e-05,7.13294450793393e-05,1.7644421698602644e-06,288.2,1.2415632030664112,1.223105584288619,6.20514101984237,358.0,1.2099999999999997,0.7619398707522961,5,5,20230902_183500-183700_R0279.mseed;20230902_183500-183700_R265F.mseed;20230902_183500-183700_R6940.mseed;20230902_183500-183700_R7D17.mseed;20230902_183500-183700_RE5DE.mseed
20230822_084540-084740,Multiphase,-2.527522296510228e-11,5.5180619870202526e-06,0.0005093094017299658,3.2443724223220327,5.518061987663186e-06,2.7117646665819632e-05,3.6771314721187755e-07,287.4,0.9932505624531288,1.145125273975384,5.946141680672072,356.0,1.0699999999999998,0.6698910638232057,5,5,20230822_084540-084740_R0279.mseed;20230822_084540-084740_R265F.mseed;20230822_084540-084740_R6940.mseed;20230822_084540-084740_R7D17.mseed;20230822_084540-084740_RE5DE.mseed
20230828_092630-092830,Multiphase,4.438869801474091e-11,8.906549296091662e-06,0.004232640414003753,5.938989178155897,8.9065492962346e-06,4.7883586068963476e-05,9.594025247370645e-07,293.2,1.0182484792933921,1.161173482535995,5.971097594610846,352.0,1.1099999999999999,0.6967337058257034,5,5,20230828_092630-092830_R0279.mseed;20230828_092630-092830_R265F.mseed;20230828_092630-092830_R6940.mseed;20230828_092630-092830_R7D17.mseed;20230828_092630-092830_RE5DE.mseed
20230902_190410-190610,Multiphase,-1.181296932036415e-10,6.348728700575465e-06,-0.0003371392448551482,6.03149912017171,6.34872870194438e-06,3.404629166119997e-05,4.85346598454472e-07,274.6,1.0249145904507957,1.1370873832876707,5.834842281284384,352.0,1.0899999999999999,0.7155744756362861,5,5,20230902_190410-190610_R0279.mseed;20230902_190410-190610_R265F.mseed;20230902_190410-190610_R6940.mseed;20230902_190410-190610_R7D17.mseed;20230902_190410-190610_RE5DE.mseed
20230907_173740-173940,Multiphase,1.1121688211711341e-11,4.543883885155909e-06,0.03010423659113422,9.988470186156471,4.5438838855358065e-06,3.310094787249395e-05,2.4847204247564595e-07,289.8,1.0382468127656028,1.1762980129119776,6.18744402967221,2.0,1.2699999999999998,0.734545195779035,5,5,20230907_173740-173940_R0279.mseed;20230907_173740-173940_R265F.mseed;20230907_173740-173940_R6940.mseed;20230907_173740-173940_R7D17.mseed;20230907_173740-173940_RE5DE.mseed
20230823_205700-205900,Multiphase,-2.1453999680329825e-11,5.368854631397717e-06,-0.004773735001114249,3.1104190495646256,5.368854631681937e-06,2.4121269667332052e-05,3.468025243010214e-07,292.6,1.2048995917006917,1.2545344234364235,6.010621308005607,358.0,1.2899999999999998,0.7933169218880569,5,5,20230823_205700-205900_R0279.mseed;20230823_205700-205900_R265F.mseed;20230823_205700-205900_R6940.mseed;20230823_205700-205900_R7D17.mseed;20230823_205700-205900_RE5DE.mseed
20230911_233920-234120,Multiphase,1.7579021033337714e-11,4.119356812360058e-06,0.008804606847810462,1.739796051759519,4.11935681278503e-06,1.7514143121793244e-05,2.041327235761383e-07,299.25,1.1061578201816515,1.2401967133245662,6.203774914534466,152.0,0.5099999999999999,0.6120901523360807,4,4,20230911_233920-234120_R0279.mseed;20230911_233920-234120_R265F.mseed;20230911_233920-234120_R7D17.mseed;20230911_233920-234120_RE5DE.mseed
20230822_123110-123310,Multiphase,3.119946942021949e-11,3.188016364121569e-06,-0.00032036514799041634,0.6622601314557796,3.1880163648853293e-06,1.2800832237949809e-05,1.2249032542998145e-07,277.0,0.9432547287726022,1.1473297803905034,6.015128516671902,2.0,1.0099999999999998,0.5748950448448557,5,5,20230822_123110-123310_R0279.mseed;20230822_123110-123310_R265F.mseed;20230822_123110-123310_R6940.mseed;20230822_123110-123310_R7D17.mseed;20230822_123110-123310_RE5DE.mseed
20230902_080820-081020,Multiphase,-7.970345822959686e-11,3.829860588486279e-06,0.020889914331498522,3.3840488271993094,3.829860589467148e-06,1.9847786420439764e-05,1.76984719489967e-07,301.0,0.9365886176151987,1.1816010119959302,6.111977568297343,358.0,1.2299999999999998,0.7304466389439288,5,5,20230902_080820-081020_R0279.mseed;20230902_080820-081020_R265F.mseed;20230902_080820-081020_R6940.mseed;20230902_080820-081020_R7D17.mseed;20230902_080820-081020_RE5DE.mseed
20230906_185000-185200,Multiphase,-1.0395458565203788e-11,2.965071919273109e-06,0.00033266385091243174,1.404426168413353,2.965071920656031e-06,1.3570118782153774e-05,1.0607207044840164e-07,280.4,1.093242229814182,1.1952435521336848,6.082473129000471,350.0,1.3099999999999998,0.5643643114121614,5,5,20230906_185000-185200_R0279.mseed;20230906_185000-185200_R265F.mseed;20230906_185000-185200_R6940.mseed;20230906_185000-185200_R7D17.mseed;20230906_185000-185200_RE5DE.mseed
20230907_000050-000250,Multiphase,5.169598238389687e-11,1.3821351917947297e-05,0.010154721249313553,5.85753337371006,1.3821351918086593e-05,7.191440537322667e-05,2.3032692080700248e-06,295.0,0.9982659778351802,1.195467294056024,6.051094440779042,352.0,1.0899999999999999,0.7253446930356728,5,5,20230907_000050-000250_R0279.mseed;20230907_000050-000250_R265F.mseed;20230907_000050-000250_R6940.mseed;20230907_000050-000250_R7D17.mseed;20230907_000050-000250_RE5DE.mseed
20230904_164040-164240,Multiphase,-8.00669912743738e-12,4.086943048414506e-06,0.008889778659013109,4.5271741425872065,4.086943048535275e-06,2.173858299791273e-05,2.0088018295911463e-07,274.8,1.0299141738188484,1.1762708222032425,6.064536920376701,358.0,1.2499999999999998,0.7066308456983906,5,5,20230904_164040-164240_R0279.mseed;20230904_164040-164240_R265F.mseed;20230904_164040-164240_R6940.mseed;20230904_164040-164240_R7D17.mseed;20230904_164040-164240_RE5DE.mseed
20230906_084630-084830,Multiphase,7.050262401703501e-11,3.940804035135695e-06,-0.003474562783408386,1.4394335874018682,3.940804036026161e-06,1.7720587226658487e-05,1.8684455400948857e-07,304.8,1.1415715357053577,1.2331515920736635,6.24063295740211,4.0,1.2899999999999998,0.4983056117291974,5,5,20230906_084630-084830_R0279.mseed;20230906_084630-084830_R265F.mseed;20230906_084630-084830_R6940.mseed;20230906_084630-084830_R7D17.mseed;20230906_084630-084830_RE5DE.mseed
20230911_144550-144750,Multiphase,-8.647527129574585e-12,6.8120369005378665e-06,-0.011055980100691466,7.465733075033503,6.812036900629567e-06,3.921360389310295e-05,5.622536827341244e-07,302.2,1.3215565369552538,1.2371495428802626,6.278957068622071,358.0,1.3299999999999998,0.7788204000242978,5,5,20230911_144550-144750_R0279.mseed;20230911_144550-144750_R265F.mseed;20230911_144550-144750_R6940.mseed;20230911_144550-144750_R7D17.mseed;20230911_144550-144750_RE5DE.mseed
20230912_095140-095340,Multiphase,-5.924379888016263e-11,1.49587596602049e-05,-0.011088646250245093,7.6587674829028884,1.4958759660680884e-05,9.40430790662948e-05,2.7118929110187055e-06,281.25,1.162403133072244,1.2137365701150669,6.082240309505515,358.0,1.3299999999999998,0.7755494318496122,4,4,20230912_095140-095340_R0279.mseed;20230912_095140-095340_R6940.mseed;20230912_095140-095340_R7D17.mseed;20230912_095140-095340_RE5DE.mseed
20230901_015440-015640,Multiphase,6.512459758812757e-12,8.169903201480701e-06,0.0020892713871567483,6.015721038998521,8.169903201533829e-06,4.491821361985091e-05,8.098954674382226e-07,295.6,1.0165819515040413,1.1551315092657606,5.922893429343335,356.0,1.15,0.7270932280430992,5,5,20230901_015440-015640_R0279.mseed;20230901_015440-015640_R265F.mseed;20230901_015440-015640_R6940.mseed;20230901_015440-015640_R7D17.mseed;20230901_015440-015640_RE5DE.mseed
20230821_121650-121850,Multiphase,-1.107513525794171e-11,6.7426575422126995e-06,0.0065585774947089824,6.426094798414502,6.742657542369707e-06,3.736207793644898e-05,5.484198210735547e-07,283.2,1.0165819515040413,1.1364782627477816,5.882566212032163,356.0,1.1899999999999997,0.7170282793032412,5,5,20230821_121650-121850_R0279.mseed;20230821_121650-121850_R265F.mseed;20230821_121650-121850_R6940.mseed;20230821_121650-121850_R7D17.mseed;20230821_121650-121850_RE5DE.mseed
20230902_164810-165010,Multiphase,-1.0295596243445539e-11,2.457703885283328e-06,0.008147701463101904,1.2284686826673985,2.457703886227957e-06,1.032564247952133e-05,7.279838698293902e-08,290.8,1.064911257395217,1.221985085568637,6.277642706223965,356.0,1.4099999999999997,0.5770840166554615,5,5,20230902_164810-165010_R0279.mseed;20230902_164810-165010_R265F.mseed;20230902_164810-165010_R6940.mseed;20230902_164810-165010_R7D17.mseed;20230902_164810-165010_RE5DE.mseed
20230817_170140-170340,Multiphase,6.407733370069299e-11,3.8059144697482453e-06,-0.0008274204686763324,1.534223800203161,3.805914471333548e-06,1.647536745651784e-05,1.7476063294567015e-07,274.2,1.0999229230897423,1.1487616437499812,5.9659610794599995,354.0,1.2699999999999998,0.5238271614292556,5,5,20230817_170140-170340_R0279.mseed;20230817_170140-170340_R265F.mseed;20230817_170140-170340_R6940.mseed;20230817_170140-170340_R7D17.mseed;20230817_170140-170340_RE5DE.mseed
20230828_011230-011430,Multiphase,-2.1325652839024385e-11,4.391920072510222e-06,0.011638725596108259,3.1298711758719864,4.391920072605808e-06,2.2502165040742848e-05,2.3248387414056152e-07,299.8,1.1899008415965335,1.2294812822215384,6.214911209723095,358.0,1.0299999999999998,0.557136887041102,5,5,20230828_011230-011430_R0279.mseed;20230828_011230-011430_R265F.mseed;20230828_011230-011430_R6940.mseed;20230828_011230-011430_R7D17.mseed;20230828_011230-011430_RE5DE.mseed
20230905_175900-180100,Multiphase,-3.100047890986529e-11,8.648772666119747e-06,0.00901165768486807,7.283622080520272,8.648772666513395e-06,4.856877045297484e-05,9.023213222996434e-07,274.8,1.0232480626614449,1.1289649074242316,5.872010317550334,354.0,1.13,0.7270146448542507,5,5,20230905_175900-180100_R0279.mseed;20230905_175900-180100_R265F.mseed;20230905_175900-180100_R6940.mseed;20230905_175900-180100_R7D17.mseed;20230905_175900-180100_RE5DE.mseed
20230905_133640-133840,Multiphase,-5.829997979294486e-11,3.0261737098833005e-06,0.007892775238265712,0.77211929738604,3.026173710611203e-06,1.2204751773520992e-05,1.0997014390517246e-07,279.4,1.05157903508041,1.193308734358038,6.1579787173930685,356.0,1.17,0.5203950004743051,5,5,20230905_133640-133840_R0279.mseed;20230905_133640-133840_R265F.mseed;20230905_133640-133840_R6940.mseed;20230905_133640-133840_R7D17.mseed;20230905_133640-133840_RE5DE.mseed
20230908_123940-124140,Multiphase,2.968514292580412e-12,3.145833888477042e-06,-0.0006689975428334645,1.197130254859543,3.1458338886041925e-06,1.3558306595585391e-05,1.1899703938740738e-07,304.75,1.0644946254478793,1.2306658874252705,6.256842486254485,358.0,1.2299999999999998,0.6664278777134672,4,4,20230908_123940-124140_R0279.mseed;20230908_123940-124140_R6940.mseed;20230908_123940-124140_R7D17.mseed;20230908_123940-124140_RE5DE.mseed
20230902_181740-181940,Multiphase,-9.808419841885188e-11,8.509074512298005e-06,0.009153367927480966,8.068932764224465,8.509074513116723e-06,5.22936709639398e-05,8.696613716282954e-07,297.4,1.1632363969669195,1.1864609022308026,6.103878897746501,4.0,1.4899999999999998,0.7207810398566475,5,5,20230902_181740-181940_R0279.mseed;20230902_181740-181940_R265F.mseed;20230902_181740-181940_R6940.mseed;20230902_181740-181940_R7D17.mseed;20230902_181740-181940_RE5DE.mseed
20230904_061450-061650,Multiphase,-2.81478944878025e-11,7.6225031628081e-06,-0.0006725550759998736,5.8343474824306325,7.622503162974604e-06,3.991011890037541e-05,7.003249917336942e-07,287.2,1.021581534872094,1.1412737385119613,5.830117228149005,354.0,1.17,0.7106041145559373,5,5,20230904_061450-061650_R0279.mseed;20230904_061450-061650_R265F.mseed;20230904_061450-061650_R6940.mseed;20230904_061450-061650_R7D17.mseed;20230904_061450-061650_RE5DE.mseed
20230816_044240-044440,Multiphase,4.3148171699706224e-11,7.402649986123628e-06,0.06213362315609208,15.824706687534928,7.402649986297645e-06,5.971834112998361e-05,6.852457719524207e-07,290.6666666666667,1.0027224583136591,1.1087900689178196,5.886869022312443,344.0,0.36999999999999994,0.6521201122234698,3,3,20230816_044240-044440_R0279.mseed;20230816_044240-044440_R6940.mseed;20230816_044240-044440_RE5DE.mseed
20230904_214700-214900,Multiphase,1.0414734448123587e-11,2.430506920066671e-06,0.004952876665322455,1.0394397316108326,2.4305069203852805e-06,9.87896407004319e-06,7.099395026215212e-08,272.2,0.9399216731939004,1.1115494790628326,5.96762589766809,0.0,1.4299999999999997,0.616983180830369,5,5,20230904_214700-214900_R0279.mseed;20230904_214700-214900_R265F.mseed;20230904_214700-214900_R6940.mseed;20230904_214700-214900_R7D17.mseed;20230904_214700-214900_RE5DE.mseed
20230911_073950-074150,Rockfall,-8.297604495082606e-11,3.404498607073271e-06,-0.0042724026720749545,1.4405504724380571,3.4044986081522874e-06,1.4944910573943884e-05,1.3946263946422906e-07,315.4,1.2798933422214815,1.3140437998674244,6.184190222529726,358.0,1.3299999999999998,0.6608666222659358,5,5,20230911_073950-074150_R0279.mseed;20230911_073950-074150_R265F.mseed;20230911_073950-074150_R6940.mseed;20230911_073950-074150_R7D17.mseed;20230911_073950-074150_RE5DE.mseed
20230901_191500-191700,Rockfall,7.816987392890826e-11,3.631601926996252e-06,-0.015007402970375722,0.5169242211675446,3.631601928026389e-06,1.3603993311883621e-05,1.5910907008910126e-07,287.8,1.0482459795017083,1.2017400551450805,6.176664612498354,130.0,0.36999999999999994,0.5987930514541232,5,5,20230901_191500-191700_R0279.mseed;20230901_191500-191700_R265F.mseed;20230901_191500-191700_R6940.mseed;20230901_191500-191700_R7D17.mseed;20230901_191500-191700_RE5DE.mseed
20230824_190300-190500,Rockfall,-8.607277675837212e-11,2.6423083445352218e-06,0.008953424274556731,0.21759529266061844,2.6423083462367564e-06,9.244318652847298e-06,8.406489319901635e-08,269.2,0.9549204232980586,1.129957322934517,6.059264382259533,0.0,1.2499999999999998,0.5790143476820362,5,5,20230824_190300-190500_R0279.mseed;20230824_190300-190500_R265F.mseed;20230824_190300-190500_R6940.mseed;20230824_190300-190500_R7D17.mseed;20230824_190300-190500_RE5DE.mseed
20230826_074640-074840,Rockfall,-2.288403996029422e-11,3.1331578360760566e-06,0.01585772443419812,0.15805010674129782,3.13315783649908e-06,1.0498863305764836e-05,1.1980731017688332e-07,295.2,1.0282476460294976,1.2401199693744593,6.241337788990682,320.0,0.44999999999999996,0.4238320501950473,5,5,20230826_074640-074840_R0279.mseed;20230826_074640-074840_R265F.mseed;20230826_074640-074840_R6940.mseed;20230826_074640-074840_R7D17.mseed;20230826_074640-074840_RE5DE.mseed
20230828_052630-052830,Rockfall,6.248884548889358e-11,5.501064742678355e-06,-0.017713741588006208,1.2455801072707144,5.501064743168328e-06,2.395176443834564e-05,3.644756790576476e-07,292.8,1.0532455628697608,1.2166811199602612,6.185080500003398,140.0,0.18999999999999997,0.7745811596173824,5,5,20230828_052630-052830_R0279.mseed;20230828_052630-052830_R265F.mseed;20230828_052630-052830_R6940.mseed;20230828_052630-052830_R7D17.mseed;20230828_052630-052830_RE5DE.mseed
20230824_215100-215300,Rockfall,1.0049047090205619e-12,3.045379217871302e-06,-0.02989180608396278,1.3843805965885,3.0453792180375522e-06,1.3557862772720433e-05,1.1168811491091533e-07,265.2,0.9932505624531288,1.1212446175884474,5.894354995664097,2.0,1.3899999999999997,0.5408936202286977,5,5,20230824_215100-215300_R0279.mseed;20230824_215100-215300_R265F.mseed;20230824_215100-215300_R6940.mseed;20230824_215100-215300_R7D17.mseed;20230824_215100-215300_RE5DE.mseed
20230828_184630-184830,Rockfall,8.778828069574148e-12,2.2726153697514764e-06,-0.027667579690948452,1.8288573318364718,2.272615370145033e-06,1.0450964227810248e-05,6.222582372615707e-08,289.4,0.9299225064577952,1.1698351409957717,6.1160424121680546,352.0,0.9499999999999998,0.5104965167143287,5,5,20230828_184630-184830_R0279.mseed;20230828_184630-184830_R265F.mseed;20230828_184630-184830_R6940.mseed;20230828_184630-184830_R7D17.mseed;20230828_184630-184830_RE5DE.mseed
20230828_190810-191010,Rockfall,-4.005974286388823e-12,2.6639279120485956e-06,0.007379942153821674,1.8268755177830145,2.6639279122550243e-06,1.1989823376780724e-05,8.523857366829257e-08,287.8,1.1449045912840596,1.2164066241217326,6.193809943565763,354.0,0.14999999999999997,0.6071674021206361,5,5,20230828_190810-191010_R0279.mseed;20230828_190810-191010_R265F.mseed;20230828_190810-191010_R6940.mseed;20230828_190810-191010_R7D17.mseed;20230828_190810-191010_RE5DE.mseed
20230828_201000-201200,Rockfall,3.859524113270932e-09,0.0001060074906208077,0.036798036177116064,0.5325768022125799,0.00010600749087329547,0.0004013611267853651,0.00013449847033041926,271.2,0.9020523526097672,1.1169406849790628,6.029144137511845,152.0,0.38999999999999996,0.6897166138059367,5,5,20230828_201000-201200_R0279.mseed;20230828_201000-201200_R265F.mseed;20230828_201000-201200_R6940.mseed;20230828_201000-201200_R7D17.mseed;20230828_201000-201200_RE5DE.mseed
20230905_205830-210030,Rockfall,2.787885769973377e-11,3.4184672396591215e-06,-0.0005568420469625329,2.1455472011875827,3.4184672408164815e-06,1.6744627550544324e-05,1.4058634165538839e-07,277.2,1.0432463961336556,1.1876033502997236,6.114942377984894,346.0,0.8899999999999999,0.5875899451960829,5,5,20230905_205830-210030_R0279.mseed;20230905_205830-210030_R265F.mseed;20230905_205830-210030_R6940.mseed;20230905_205830-210030_R7D17.mseed;20230905_205830-210030_RE5DE.mseed
20230824_202800-203000,Rockfall,7.955956054344736e-12,2.5717088907453747e-06,-0.020594182207087645,0.7676524236981063,2.5717088911686862e-06,1.0341338911598756e-05,7.943662717055622e-08,260.2,0.9182568119323389,1.0852684311765763,5.834097151550043,358.0,1.2099999999999997,0.6633311980197052,5,5,20230824_202800-203000_R0279.mseed;20230824_202800-203000_R265F.mseed;20230824_202800-203000_R6940.mseed;20230824_202800-203000_R7D17.mseed;20230824_202800-203000_RE5DE.mseed
20230905_203900-204100,Rockfall,-2.3663694300215425e-11,2.489233351417916e-06,-0.015941945371016418,0.03450058190554621,2.4892333517967283e-06,8.378075497653668e-06,7.447499857574423e-08,268.8,0.9015915340388301,1.0959803675625372,5.9241536877647745,344.0,0.26999999999999996,0.49464912150680346,5,5,20230905_203900-204100_R0279.mseed;20230905_203900-204100_R265F.mseed;20230905_203900-204100_R6940.mseed;20230905_203900-204100_R7D17.mseed;20230905_203900-204100_RE5DE.mseed
20230901_010100-010300,Rockfall,2.484421284438458e-11,2.8683795156940993e-06,-0.0011327769777033502,0.17966274951850644,2.8683795158657696e-06,1.057303268996324e-05,9.905006426910763e-08,309.8,1.1549037580201649,1.2669980596499006,6.327987088822246,146.0,0.10999999999999999,0.4320752562824489,5,5,20230901_010100-010300_R0279.mseed;20230901_010100-010300_R265F.mseed;20230901_010100-010300_R6940.mseed;20230901_010100-010300_R7D17.mseed;20230901_010100-010300_RE5DE.mseed
20230825_153140-153340,Rockfall,9.929986459300643e-12,2.5495764800195782e-06,-0.002314437753600376,0.7528747698249494,2.5495764802903035e-06,9.851929910167828e-06,7.85779436451144e-08,280.6,0.918256811932339,1.155400289466328,6.132118769312187,356.0,1.2699999999999998,0.6082637178457951,5,5,20230825_153140-153340_R0279.mseed;20230825_153140-153340_R265F.mseed;20230825_153140-153340_R6940.mseed;20230825_153140-153340_R7D17.mseed;20230825_153140-153340_RE5DE.mseed
20230816_000100-000300,Rockfall,2.320185839476501e-11,2.614287395456064e-06,-0.0036715122069194664,0.23110429909535193,2.6142873956528924e-06,9.335412844478553e-06,8.208569780664563e-08,308.3333333333333,1.0277178290697997,1.2472490283911686,6.344670562263964,70.0,0.18999999999999997,0.6358378090690127,3,3,20230816_000100-000300_R0279.mseed;20230816_000100-000300_R6940.mseed;20230816_000100-000300_RE5DE.mseed
20230907_104600-104800,Rockfall,3.393024863904847e-11,6.1477502441125005e-06,-0.015073011303152214,1.5654180828435664,6.147750246629249e-06,2.4989122278841638e-05,9.48744359773025e-07,292.8,1.129890567220826,1.2092355008634792,6.1861541123815815,356.0,1.3299999999999998,0.5048661646377861,5,5,20230907_104600-104800_R0279.mseed;20230907_104600-104800_R265F.mseed;20230907_104600-104800_R6940.mseed;20230907_104600-104800_R7D17.mseed;20230907_104600-104800_RE5DE.mseed
20230820_133120-133320,Rockfall,-2.4425369295394412e-11,4.618036203684762e-06,0.009915829538361691,5.827313825078793,4.618036204432572e-06,2.6424955215167906e-05,2.7856912462925176e-07,273.8,0.8782751437380218,1.1396749925239262,5.95871332423575,138.0,0.14999999999999997,0.7496636175495602,5,5,20230820_133120-133320_R0279.mseed;20230820_133120-133320_R265F.mseed;20230820_133120-133320_R6940.mseed;20230820_133120-133320_R7D17.mseed;20230820_133120-133320_RE5DE.mseed
20230828_203340-203540,Rockfall,-1.551524934655406e-11,4.710497588455693e-06,-0.0063916143467930425,0.8738466450119402,4.710497588649148e-06,1.8874305491063435e-05,2.676308446876424e-07,254.6,1.021581534872094,1.0572494702715107,5.312373003910631,194.0,0.08999999999999998,0.6759295663060717,5,5,20230828_203340-203540_R0279.mseed;20230828_203340-203540_R265F.mseed;20230828_203340-203540_R6940.mseed;20230828_203340-203540_R7D17.mseed;20230828_203340-203540_RE5DE.mseed
20230911_131320-131520,Rockfall,-5.5248659240382435e-12,2.377026675297497e-06,0.021923662943172544,7.516401520541926,2.3770266756200698e-06,1.4419965674024098e-05,7.02448208797293e-08,296.6,0.9815848679276726,1.219854933252266,6.240255839002117,356.0,1.3099999999999998,0.5225983291320534,5,5,20230911_131320-131520_R0279.mseed;20230911_131320-131520_R265F.mseed;20230911_131320-131520_R6940.mseed;20230911_131320-131520_R7D17.mseed;20230911_131320-131520_RE5DE.mseed
20230908_232830-233030,Rockfall,-4.374574350726668e-11,3.6496443971035445e-06,0.021816212504148287,9.06797806940852,3.6496443976259122e-06,2.7872845638682776e-05,1.6019905030602735e-07,291.0,1.064911257395217,1.179767277208494,6.148945609755994,198.0,0.12999999999999998,0.8258147599143401,5,5,20230908_232830-233030_R0279.mseed;20230908_232830-233030_R265F.mseed;20230908_232830-233030_R6940.mseed;20230908_232830-233030_R7D17.mseed;20230908_232830-233030_RE5DE.mseed
20230827_034400-034600,Rockfall,4.1659895822534396e-11,2.6870913303329917e-06,0.0054481947018559145,0.8139037785023916,2.6870913307160526e-06,1.1626338227520419e-05,9.185765809710245e-08,295.0,0.9565869510874094,1.2052937640179353,6.25632340380901,124.0,0.57,0.3989947169486117,5,5,20230827_034400-034600_R0279.mseed;20230827_034400-034600_R265F.mseed;20230827_034400-034600_R6940.mseed;20230827_034400-034600_R7D17.mseed;20230827_034400-034600_RE5DE.mseed
20230824_133740-133940,Rockfall,7.540837530936396e-12,2.533145790420662e-06,-0.00788882512094251,0.5480581468171335,2.5331457907192087e-06,9.971835086949647e-06,7.725089409061418e-08,280.8,0.9015915340388301,1.1307614557414751,6.086728004706918,182.0,0.32999999999999996,0.5755753711665774,5,5,20230824_133740-133940_R0279.mseed;20230824_133740-133940_R265F.mseed;20230824_133740-133940_R6940.mseed;20230824_133740-133940_R7D17.mseed;20230824_133740-133940_RE5DE.mseed
20230902_182040-182240,Rockfall,-7.501569843031118e-11,2.3677745419225814e-06,-0.004176217462356577,1.4645326584449374,2.3677745441743054e-06,1.044917985056946e-05,6.759400364135561e-08,275.6,0.9399216731939004,1.149105098993865,6.105572523045673,352.0,1.2099999999999997,0.4815670276813951,5,5,20230902_182040-182240_R0279.mseed;20230902_182040-182240_R265F.mseed;20230902_182040-182240_R6940.mseed;20230902_182040-182240_R7D17.mseed;20230902_182040-182240_RE5DE.mseed
20230904_115740-115940,Rockfall,5.7385694371589594e-11,3.3277506822035125e-06,0.008175032678480488,1.6912564521192954,3.3277506830011025e-06,1.5406970322215888e-05,1.330043782621896e-07,282.8,0.9415882009832515,1.1568288634240722,6.061701507857537,356.0,1.2299999999999998,0.6329425135392814,5,5,20230904_115740-115940_R0279.mseed;20230904_115740-115940_R265F.mseed;20230904_115740-115940_R6940.mseed;20230904_115740-115940_R7D17.mseed;20230904_115740-115940_RE5DE.mseed
20230903_083710-083910,Rockfall,7.19776740587487e-11,3.0142305390948688e-06,0.004583805429300017,0.37008892297103707,3.0142305402222717e-06,1.0988895587762683e-05,1.0982479949594327e-07,294.2,1.019915007082743,1.1994368023986148,6.171017406847955,8.0,1.1899999999999997,0.5146321329713918,5,5,20230903_083710-083910_R0279.mseed;20230903_083710-083910_R265F.mseed;20230903_083710-083910_R6940.mseed;20230903_083710-083910_R7D17.mseed;20230903_083710-083910_RE5DE.mseed
20230820_031510-031710,Rockfall,-7.641837064659416e-11,2.8014605301217148e-06,-0.0026034721343230634,0.8649927691374171,2.801460531747806e-06,1.1638498243651162e-05,9.447531910215139e-08,297.2,0.9199387551037412,1.2133006301595877,6.210612356962409,358.0,0.8899999999999999,0.5617295062404045,5,5,20230820_031510-031710_R0279.mseed;20230820_031510-031710_R265F.mseed;20230820_031510-031710_R6940.mseed;20230820_031510-031710_R7D17.mseed;20230820_031510-031710_RE5DE.mseed
20230830_035020-035220,Rockfall,-6.51251623477228e-11,3.530144458462681e-06,-0.004844283189600796,1.704066903582469,3.5301444595483745e-06,1.57076774519408e-05,1.5028893703536906e-07,306.0,1.1815682026497791,1.2450785087429679,6.2014388052664655,0.0,1.4099999999999997,0.6212377689912046,5,5,20230830_035020-035220_R0279.mseed;20230830_035020-035220_R265F.mseed;20230830_035020-035220_R6940.mseed;20230830_035020-035220_R7D17.mseed;20230830_035020-035220_RE5DE.mseed
20230820_203620-203820,Rockfall,-3.479355923285136e-11,2.627829658090011e-06,0.005563299039412921,2.115282952430307,2.6278296586592757e-06,1.3012609882397965e-05,8.313477072949058e-08,284.8,1.0599116740271644,1.1762006651100088,6.208063331592857,4.0,1.2499999999999998,0.6238724119486327,5,5,20230820_203620-203820_R0279.mseed;20230820_203620-203820_R265F.mseed;20230820_203620-203820_R6940.mseed;20230820_203620-203820_R7D17.mseed;20230820_203620-203820_RE5DE.mseed
20230910_101140-101340,Rockfall,3.3498924002165255e-11,3.6431149710496087e-06,-0.010328502319705148,3.6051501203468668,3.6431149715155247e-06,1.757496039067516e-05,2.283657870883851e-07,301.6,1.2482293142238146,1.2494517144678325,6.255484897060192,144.0,1.4299999999999997,0.29570786582953074,5,5,20230910_101140-101340_R0279.mseed;20230910_101140-101340_R265F.mseed;20230910_101140-101340_R6940.mseed;20230910_101140-101340_R7D17.mseed;20230910_101140-101340_RE5DE.mseed
20230905_073250-073450,Rockfall,-4.7679659312970416e-11,5.810846065456971e-06,0.036681441981592955,5.5072035574828755,5.810846066791276e-06,3.473261398815499e-05,4.467725683627126e-07,302.4,1.2498958420131656,1.2598255120765187,6.171289644441927,340.0,1.1099999999999999,0.43453903752835515,5,5,20230905_073250-073450_R0279.mseed;20230905_073250-073450_R265F.mseed;20230905_073250-073450_R6940.mseed;20230905_073250-073450_R7D17.mseed;20230905_073250-073450_RE5DE.mseed
20230830_164000-164200,Rockfall,-4.246376554767782e-11,2.4324077625411005e-06,-0.012096713947870598,0.4374702260530256,2.4324077633794205e-06,9.17050856421754e-06,7.10751994594383e-08,285.2,0.9032580618281809,1.1680616092382041,5.992189841410951,352.0,1.13,0.5102951906542084,5,5,20230830_164000-164200_R0279.mseed;20230830_164000-164200_R265F.mseed;20230830_164000-164200_R6940.mseed;20230830_164000-164200_R7D17.mseed;20230830_164000-164200_RE5DE.mseed
20230903_132420-132620,Rockfall,2.5657812961445473e-11,2.9551831925346316e-06,-0.028368654872944238,1.219773411655853,2.9551831927841718e-06,1.280954697246915e-05,1.0489321784027952e-07,289.6,0.9132572285642864,1.171310953904385,6.079667347125899,358.0,1.2899999999999998,0.5110313648038244,5,5,20230903_132420-132620_R0279.mseed;20230903_132420-132620_R265F.mseed;20230903_132420-132620_R6940.mseed;20230903_132420-132620_R7D17.mseed;20230903_132420-132620_RE5DE.mseed
20230820_191840-192040,Rockfall,1.1381583833819406e-11,4.18946603982392e-06,0.007932123428906904,17.239033979791387,4.189466040344562e-06,3.1047357626849497e-05,2.3460453526422143e-07,291.8,1.138238480126656,1.2362733670818926,6.228161652415041,142.0,0.12999999999999998,0.5908379160795973,5,5,20230820_191840-192040_R0279.mseed;20230820_191840-192040_R265F.mseed;20230820_191840-192040_R6940.mseed;20230820_191840-192040_R7D17.mseed;20230820_191840-192040_RE5DE.mseed
20230901_010240-010440,Rockfall,5.737246163678104e-11,5.112735061157277e-06,-0.022492477986935336,0.977922379738712,5.112735061724577e-06,2.137113179477875e-05,3.1499549681929926e-07,305.0,1.2948920923256395,1.2427297493254614,6.231591416007726,176.0,0.30999999999999994,0.4969473271264075,5,5,20230901_010240-010440_R0279.mseed;20230901_010240-010440_R265F.mseed;20230901_010240-010440_R6940.mseed;20230901_010240-010440_R7D17.mseed;20230901_010240-010440_RE5DE.mseed
20230905_114040-114240,Rockfall,3.0536409523176415e-11,3.248592253597911e-06,-0.017966390038323902,1.4062948437247174,3.2485922537547816e-06,1.4409657091856386e-05,1.2746327205563997e-07,288.2,0.9815848679276726,1.174874059290638,6.17986916972413,0.0,1.2299999999999998,0.6277440658798471,5,5,20230905_114040-114240_R0279.mseed;20230905_114040-114240_R265F.mseed;20230905_114040-114240_R6940.mseed;20230905_114040-114240_R7D17.mseed;20230905_114040-114240_RE5DE.mseed
20230828_060600-060800,Rockfall,-4.8071286354151674e-11,5.28451003382412e-06,-0.004274685603366808,1.3738336340076454,5.284510034078547e-06,2.2382624531209344e-05,3.366294408618115e-07,288.2,1.0615782018165152,1.1812561744162167,6.060977778305081,212.0,0.16999999999999998,0.5425628099674014,5,5,20230828_060600-060800_R0279.mseed;20230828_060600-060800_R265F.mseed;20230828_060600-060800_R6940.mseed;20230828_060600-060800_R7D17.mseed;20230828_060600-060800_RE5DE.mseed
20230825_160140-160340,Rockfall,6.53337001337816e-11,2.462862632275289e-06,-0.0035979567036188874,1.5050738198333593,2.4628626336857935e-06,1.1634231170905458e-05,7.303480673976697e-08,285.6,0.8915923673027247,1.1841279729497736,6.209384069753028,358.0,1.3099999999999998,0.5171189472918141,5,5,20230825_160140-160340_R0279.mseed;20230825_160140-160340_R265F.mseed;20230825_160140-160340_R6940.mseed;20230825_160140-160340_R7D17.mseed;20230825_160140-160340_RE5DE.mseed
20230904_015330-015530,Rockfall,-9.602808096601583e-11,3.2769508048126163e-06,0.019596022132333045,0.7186863833238337,3.2769508064304615e-06,1.2526339609482363e-05,1.2903277331725353e-07,304.0,1.273227231064078,1.269406121804559,6.213979257028697,316.0,0.38999999999999996,0.42827233336069737,5,5,20230904_015330-015530_R0279.mseed;20230904_015330-015530_R265F.mseed;20230904_015330-015530_R6940.mseed;20230904_015330-015530_R7D17.mseed;20230904_015330-015530_RE5DE.mseed
20230908_222600-222800,Rockfall,7.472402111916152e-11,2.034019604223315e-06,-0.016087721588676267,0.3328189153530639,2.03401960610073e-06,7.520061206471378e-06,4.969366693753867e-08,290.0,1.0565786184484627,1.1851788202346254,6.263518803096842,350.0,0.6499999999999999,0.43489796132173997,5,5,20230908_222600-222800_R0279.mseed;20230908_222600-222800_R265F.mseed;20230908_222600-222800_R6940.mseed;20230908_222600-222800_R7D17.mseed;20230908_222600-222800_RE5DE.mseed
20230827_183500-183700,Rockfall,9.625161609824781e-12,1.6417397777607428e-06,-0.006481888424339383,0.16287540898022276,1.641739778069496e-06,5.837583035934367e-06,3.2547429506672684e-08,272.6,0.9182568119323389,1.11952759372065,6.03293806447632,188.0,0.3499999999999999,0.5013268482388182,5,5,20230827_183500-183700_R0279.mseed;20230827_183500-183700_R265F.mseed;20230827_183500-183700_R6940.mseed;20230827_183500-183700_R7D17.mseed;20230827_183500-183700_RE5DE.mseed
20230911_101040-101240,Rockfall,-1.7684420003852913e-11,5.306341113903921e-06,-0.005686476915556705,6.030281625848241,5.3063411140509916e-06,3.3563754534608226e-05,3.4956340188671847e-07,317.4,1.329889175902008,1.3307550882872776,6.2312458136028095,172.0,0.7299999999999999,0.4520497045383916,5,5,20230911_101040-101240_R0279.mseed;20230911_101040-101240_R265F.mseed;20230911_101040-101240_R6940.mseed;20230911_101040-101240_R7D17.mseed;20230911_101040-101240_RE5DE.mseed
20230830_201410-201610,Rockfall,3.2975998263028444e-11,2.388049162898219e-06,-0.000729661110403047,1.2555502976232233,2.3880491631341556e-06,1.1015882619703803e-05,6.85008035628941e-08,281.2,1.0032497291892342,1.1720409642686296,6.1214579545476875,350.0,1.1099999999999999,0.5608134943671782,5,5,20230830_201410-201610_R0279.mseed;20230830_201410-201610_R265F.mseed;20230830_201410-201610_R6940.mseed;20230830_201410-201610_R7D17.mseed;20230830_201410-201610_RE5DE.mseed
20230827_225900-230100,Rockfall,-3.7677155032810777e-11,2.1521381747142333e-06,-0.01877154322855162,0.17893820588937182,2.1521381752376205e-06,7.55097864993031e-06,5.587999266035419e-08,289.2,1.0565786184484627,1.1831322106770794,6.080053086432168,30.0,0.38999999999999996,0.42497206610095345,5,5,20230827_225900-230100_R0279.mseed;20230827_225900-230100_R265F.mseed;20230827_225900-230100_R6940.mseed;20230827_225900-230100_R7D17.mseed;20230827_225900-230100_RE5DE.mseed
20230828_215820-220020,Rockfall,-3.7836755501470016e-11,2.931841145216915e-06,-0.0046628022832825,1.4384979926289605,2.9318411455365654e-06,1.2534800260640097e-05,1.0339490663191388e-07,294.0,1.2532288975918675,1.2350257015843646,6.209621145564684,354.0,1.4699999999999998,0.6177741190059016,5,5,20230828_215820-220020_R0279.mseed;20230828_215820-220020_R265F.mseed;20230828_215820-220020_R6940.mseed;20230828_215820-220020_R7D17.mseed;20230828_215820-220020_RE5DE.mseed
20230902_112030-112230,Rockfall,3.126553216704092e-11,2.3560693126153633e-06,0.022827936145468675,0.5463369898683264,2.356069313414841e-06,9.435963780150607e-06,6.667422381879588e-08,294.4,1.0999083409715857,1.2029281485701802,6.239427906335175,0.0,1.4499999999999997,0.5494800879276427,5,5,20230902_112030-112230_R0279.mseed;20230902_112030-112230_R265F.mseed;20230902_112030-112230_R6940.mseed;20230902_112030-112230_R7D17.mseed;20230902_112030-112230_RE5DE.mseed
20230828_202100-202300,Rockfall,1.9595301064663417e-11,7.740861501482613e-06,0.0001793901308979339,1.9890531091400827,7.740861501847935e-06,3.244191668611154e-05,7.260743628991801e-07,250.4,0.97658528455962,1.0174735795531398,5.525781608136528,228.0,0.26999999999999996,0.6078962400860005,5,5,20230828_202100-202300_R0279.mseed;20230828_202100-202300_R265F.mseed;20230828_202100-202300_R6940.mseed;20230828_202100-202300_R7D17.mseed;20230828_202100-202300_RE5DE.mseed
20230905_004200-004400,Rockfall,-4.716046723346193e-11,4.515235373750798e-06,0.004058510352163692,1.2956603696354165,4.515235374355544e-06,1.97370509871673e-05,2.4520844829481325e-07,296.2,1.2998916756936922,1.2143846555295112,6.2332518922034055,0.0,1.3899999999999997,0.6698446309668846,5,5,20230905_004200-004400_R0279.mseed;20230905_004200-004400_R265F.mseed;20230905_004200-004400_R6940.mseed;20230905_004200-004400_R7D17.mseed;20230905_004200-004400_RE5DE.mseed
20230830_030250-030450,Rockfall,-4.489934213811268e-12,3.906340749773405e-06,0.009301139803544816,2.9267402785465153,3.906340750226461e-06,1.978529816172354e-05,1.8545126178617805e-07,295.2,1.064911257395217,1.1761730911389647,6.02991970970156,356.0,1.0899999999999999,0.6294479286023058,5,5,20230830_030250-030450_R0279.mseed;20230830_030250-030450_R265F.mseed;20230830_030250-030450_R6940.mseed;20230830_030250-030450_R7D17.mseed;20230830_030250-030450_RE5DE.mseed
20230816_115000-115200,Rockfall,6.530362397720787e-11,3.4521766561099777e-06,-0.0033092723050938528,3.236390009837325,3.4521766579358046e-06,1.8154845410303167e-05,1.4351258760545082e-07,278.8,0.9549359775574257,1.183407552810563,6.14716645756051,354.0,0.9899999999999999,0.6158942848279695,5,5,20230816_115000-115200_R0279.mseed;20230816_115000-115200_R265F.mseed;20230816_115000-115200_R6940.mseed;20230816_115000-115200_R7D17.mseed;20230816_115000-115200_RE5DE.mseed
20230826_225100-225300,Rockfall,-3.691884466491514e-12,2.5883265136020496e-06,-0.006019852547448662,1.5501967578815634,2.588326514302499e-06,1.2123276127262622e-05,8.084279015319374e-08,294.4,1.0182484792933921,1.233909669666756,6.197466937335845,350.0,1.0499999999999998,0.5219781187226252,5,5,20230826_225100-225300_R0279.mseed;20230826_225100-225300_R265F.mseed;20230826_225100-225300_R6940.mseed;20230826_225100-225300_R7D17.mseed;20230826_225100-225300_RE5DE.mseed
20230821_182200-182400,Rockfall,5.894857156077284e-11,2.1830035167940537e-06,-0.007032114913536773,0.6424267767434912,2.183003517625597e-06,8.221181584711507e-06,5.74313487346429e-08,264.8,0.9699191734022165,1.1082722935047766,5.890828240511289,114.0,0.12999999999999998,0.5768202804419674,5,5,20230821_182200-182400_R0279.mseed;20230821_182200-182400_R265F.mseed;20230821_182200-182400_R6940.mseed;20230821_182200-182400_R7D17.mseed;20230821_182200-182400_RE5DE.mseed
20230906_065100-065300,Rockfall,7.764274200632715e-11,3.6783037123356626e-06,0.008716563522839227,1.420348535588293,3.678303713354911e-06,1.636838278400304e-05,1.6282596456526781e-07,289.0,1.2898925089575868,1.1943920772974561,6.179805855943629,358.0,1.0899999999999999,0.5750367901266409,5,5,20230906_065100-065300_R0279.mseed;20230906_065100-065300_R265F.mseed;20230906_065100-065300_R6940.mseed;20230906_065100-065300_R7D17.mseed;20230906_065100-065300_RE5DE.mseed
20230901_182900-183100,Rockfall,3.127161859745482e-11,3.393913351994655e-06,0.00043632742687504494,0.9281823757820875,3.393913352184796e-06,1.2992537775479015e-05,1.3855913467132404e-07,269.2,0.9182568119323389,1.1192452763425744,5.919015138258386,308.0,0.18999999999999997,0.8346326257723155,5,5,20230901_182900-183100_R0279.mseed;20230901_182900-183100_R265F.mseed;20230901_182900-183100_R6940.mseed;20230901_182900-183100_R7D17.mseed;20230901_182900-183100_RE5DE.mseed
20230816_141300-141500,Rockfall,2.1399212113876956e-12,2.700781483598259e-06,-0.005950369711004993,0.5097112521118276,2.700781484471245e-06,1.0722441198304563e-05,8.778975083994787e-08,266.0,0.91327125517318,1.1009985520852368,5.929243504994816,352.0,1.0499999999999998,0.5049803714986004,5,5,20230816_141300-141500_R0279.mseed;20230816_141300-141500_R265F.mseed;20230816_141300-141500_R6940.mseed;20230816_141300-141500_R7D17.mseed;20230816_141300-141500_RE5DE.mseed
20230906_180040-180240,Rockfall,5.782879101882878e-11,2.9256226479165812e-06,0.002530909395078554,1.1084798696120526,2.925622648671614e-06,1.169003070572676e-05,1.0334311940896818e-07,264.0,0.9699191734022165,1.115547695341869,5.9771953351946205,352.0,0.8699999999999999,0.5684559141648762,5,5,20230906_180040-180240_R0279.mseed;20230906_180040-180240_R265F.mseed;20230906_180040-180240_R6940.mseed;20230906_180040-180240_R7D17.mseed;20230906_180040-180240_RE5DE.mseed
20230905_095920-100120,Rockfall,-6.798242364278545e-11,4.338184214027448e-06,0.0013393520206885375,1.103276970996814,4.3381842146630506e-06,1.9110145472034163e-05,2.2642965503053015e-07,296.4,1.2498958420131656,1.2382018964472978,6.2339125731585385,0.0,1.3899999999999997,0.6410191107546477,5,5,20230905_095920-100120_R0279.mseed;20230905_095920-100120_R265F.mseed;20230905_095920-100120_R6940.mseed;20230905_095920-100120_R7D17.mseed;20230905_095920-100120_RE5DE.mseed
20230818_210900-211100,Rockfall,-1.021226635123077e-10,2.80621867424705e-06,-0.011058922106316486,1.9133861806464396,2.806218676604281e-06,1.2547372394973596e-05,9.49871348325395e-08,276.0,0.9232563953003916,1.1357692406965783,6.021704559752722,356.0,1.0299999999999998,0.5949806144606714,5,5,20230818_210900-211100_R0279.mseed;20230818_210900-211100_R265F.mseed;20230818_210900-211100_R6940.mseed;20230818_210900-211100_R7D17.mseed;20230818_210900-211100_RE5DE.mseed
20230902_083000-083200,Rockfall,6.896585412416963e-11,2.939173993490548e-06,-0.0011389223157890808,0.9237206765771248,2.9391739945433048e-06,1.2412235809620426e-05,1.0565213595646726e-07,305.8,1.139905007916007,1.2407154341418372,6.204610679772519,346.0,1.3899999999999997,0.4611928709961337,5,5,20230902_083000-083200_R0279.mseed;20230902_083000-083200_R265F.mseed;20230902_083000-083200_R6940.mseed;20230902_083000-083200_R7D17.mseed;20230902_083000-083200_RE5DE.mseed
20230824_160000-160200,Rockfall,7.333052949477964e-11,3.4506113469409777e-06,-0.005392728960629615,0.5908481558291563,3.4506113478740764e-06,1.240622476234838e-05,1.4327341399584491e-07,300.0,1.3682193150570785,1.2343505295620643,6.25752402949013,356.0,1.3099999999999998,0.5669914613361512,5,5,20230824_160000-160200_R0279.mseed;20230824_160000-160200_R265F.mseed;20230824_160000-160200_R6940.mseed;20230824_160000-160200_R7D17.mseed;20230824_160000-160200_RE5DE.mseed
20230825_000700-000900,Rockfall,-4.772025061262898e-11,3.4100744431672055e-06,0.006017441047909775,1.5740143067498549,3.4100744438242714e-06,1.619974710970812e-05,1.4002427811275368e-07,281.2,0.9449212565619531,1.127921751830144,6.04664291342848,356.0,1.13,0.5782631753180192,5,5,20230825_000700-000900_R0279.mseed;20230825_000700-000900_R265F.mseed;20230825_000700-000900_R6940.mseed;20230825_000700-000900_R7D17.mseed;20230825_000700-000900_RE5DE.mseed
20230904_212540-212740,Rockfall,4.4122377481117254e-11,2.5557270916831135e-06,-0.0002865307365807145,1.0193993996652801,2.555727092382105e-06,1.076308136564924e-05,7.846269618922225e-08,283.8,1.03324722939755,1.1704255479771442,6.164284755952861,188.0,0.4699999999999999,0.6240766696730149,5,5,20230904_212540-212740_R0279.mseed;20230904_212540-212740_R265F.mseed;20230904_212540-212740_R6940.mseed;20230904_212540-212740_R7D17.mseed;20230904_212540-212740_RE5DE.mseed
20230907_203630-203830,Rockfall,-5.0091663258214667e-11,2.635203903832295e-06,0.002255529876063899,1.5481294197635123,2.6352039043824845e-06,1.1863270817387682e-05,8.359308980800795e-08,275.8,0.888259311724023,1.1452848229801564,6.009643974500743,0.0,1.17,0.5938991048550764,5,5,20230907_203630-203830_R0279.mseed;20230907_203630-203830_R265F.mseed;20230907_203630-203830_R6940.mseed;20230907_203630-203830_R7D17.mseed;20230907_203630-203830_RE5DE.mseed
20230906_183640-183840,Rockfall,5.874090339346068e-11,2.4732389777963123e-06,-0.004795870843805793,1.0312967575433023,2.4732389806660794e-06,1.0051384627881471e-05,7.38909738807366e-08,271.8,0.9865844512957253,1.1326664863462472,5.980911118392305,354.0,1.0899999999999999,0.4774164015941111,5,5,20230906_183640-183840_R0279.mseed;20230906_183640-183840_R265F.mseed;20230906_183640-183840_R6940.mseed;20230906_183640-183840_R7D17.mseed;20230906_183640-183840_RE5DE.mseed
20230819_001100-001300,Rockfall,-4.286149608215172e-11,2.8022660938673414e-06,0.014061657544908674,0.5501596421176969,2.8022660945509368e-06,1.1801458967281879e-05,9.438515970459629e-08,280.4,0.9199387551037412,1.1708635937975413,6.213607211886346,342.0,0.9099999999999998,0.46114301184899575,5,5,20230819_001100-001300_R0279.mseed;20230819_001100-001300_R265F.mseed;20230819_001100-001300_R6940.mseed;20230819_001100-001300_R7D17.mseed;20230819_001100-001300_RE5DE.mseed
20230903_051540-051740,Rockfall,-5.651654654063521e-12,2.7351026621876623e-06,0.019201875930946483,0.5266042513595663,2.7351026624581178e-06,1.0666981590265578e-05,8.990826978570526e-08,287.0,0.931589034247146,1.1920955388541508,6.169047626426925,346.0,0.9299999999999998,0.6194084335402812,5,5,20230903_051540-051740_R0279.mseed;20230903_051540-051740_R265F.mseed;20230903_051540-051740_R6940.mseed;20230903_051540-051740_R7D17.mseed;20230903_051540-051740_RE5DE.mseed
20230820_002920-003120,Rockfall,1.3225811460021807e-10,4.148094989629245e-06,-0.009468631084370495,1.6721638548943816,4.148094991823038e-06,1.8083054608064808e-05,2.077885258662412e-07,304.2,1.1582636169208123,1.2561008524363426,6.268107041140568,354.0,1.4099999999999997,0.676288589647323,5,5,20230820_002920-003120_R0279.mseed;20230820_002920-003120_R265F.mseed;20230820_002920-003120_R6940.mseed;20230820_002920-003120_R7D17.mseed;20230820_002920-003120_RE5DE.mseed
20230817_190120-190320,Rockfall,-1.6781008190769963e-11,2.457559867790141e-06,-0.015916822230435453,0.22905142376936719,2.4575598689003614e-06,8.200761231474016e-06,7.252994968481881e-08,250.8,0.8982584784601283,1.0381967435992179,5.712775420278885,174.0,0.44999999999999996,0.6935024125314894,5,5,20230817_190120-190320_R0279.mseed;20230817_190120-190320_R265F.mseed;20230817_190120-190320_R6940.mseed;20230817_190120-190320_R7D17.mseed;20230817_190120-190320_RE5DE.mseed
20230824_191040-191240,Rockfall,9.613019650189377e-12,2.8095810765749208e-06,-0.00046705637457580465,1.2893597329799735,2.8095810770114413e-06,1.1774499139054134e-05,9.50475467046032e-08,270.4,1.0032497291892342,1.1360382553156554,6.013933524227131,352.0,1.0299999999999998,0.6151026126354178,5,5,20230824_191040-191240_R0279.mseed;20230824_191040-191240_R265F.mseed;20230824_191040-191240_R6940.mseed;20230824_191040-191240_R7D17.mseed;20230824_191040-191240_RE5DE.mseed
20230818_022400-022600,Rockfall,-1.4387608305004923e-11,3.0639820023521547e-06,0.00038415244420528515,2.4907417682984225,3.0639820038997856e-06,1.4823980227194614e-05,1.1630773976675031e-07,304.6,1.2632444518512345,1.2301512919246431,6.301166790563412,100.0,0.8099999999999998,0.41770417551246003,5,5,20230818_022400-022600_R0279.mseed;20230818_022400-022600_R265F.mseed;20230818_022400-022600_R6940.mseed;20230818_022400-022600_R7D17.mseed;20230818_022400-022600_RE5DE.mseed
20230819_002000-002200,Rockfall,1.0919704060646465e-11,2.7427335019081196e-06,-0.03056115869663279,0.29416018769822616,2.742733502202717e-06,9.494368714857897e-06,9.053390380375643e-08,295.6,0.9832513957170235,1.2153877979747547,6.274606759903891,200.0,0.5499999999999999,0.5083651660439723,5,5,20230819_002000-002200_R0279.mseed;20230819_002000-002200_R265F.mseed;20230819_002000-002200_R6940.mseed;20230819_002000-002200_R7D17.mseed;20230819_002000-002200_RE5DE.mseed
20230818_055040-055240,Rockfall,-4.665616912222046e-11,3.444410879423933e-06,0.0035098080035948914,0.5830548920487748,3.444410880317264e-06,1.2843407342526814e-05,1.4326143632243415e-07,287.2,0.9332705607866011,1.1902945286604496,6.187619251153454,0.0,1.0299999999999998,0.48244214876844616,5,5,20230818_055040-055240_R0279.mseed;20230818_055040-055240_R265F.mseed;20230818_055040-055240_R6940.mseed;20230818_055040-055240_R7D17.mseed;20230818_055040-055240_RE5DE.mseed
20230819_182720-182920,Rockfall,-1.3987843967801168e-11,2.1702164080180873e-06,0.020568272048386647,0.3567235856829386,2.170216408801451e-06,8.31028119972797e-06,5.680965616624595e-08,269.8,0.8849262561453213,1.0987448804712272,5.903855504009939,198.0,0.16999999999999998,0.49051170985037995,5,5,20230819_182720-182920_R0279.mseed;20230819_182720-182920_R265F.mseed;20230819_182720-182920_R6940.mseed;20230819_182720-182920_R7D17.mseed;20230819_182720-182920_RE5DE.mseed
20230822_180500-180700,Rockfall,-3.4840114164848405e-11,3.094453829308554e-06,0.009646183445057077,1.0830438050045197,3.0944538322774338e-06,1.2568999175645497e-05,1.1504162134862692e-07,259.6,0.9599200066661112,1.0829480634237965,5.718331037638239,358.0,0.9699999999999999,0.5597586090904354,5,5,20230822_180500-180700_R0279.mseed;20230822_180500-180700_R265F.mseed;20230822_180500-180700_R6940.mseed;20230822_180500-180700_R7D17.mseed;20230822_180500-180700_RE5DE.mseed
20230909_130930-131130,Rockfall,3.246211678712557e-11,2.5636291592636038e-06,0.012583560858132364,3.6104530543334086,2.5636291595381246e-06,1.3437045390784939e-05,7.973663552133547e-08,295.0,1.2798933422214815,1.1948344398739208,6.21633342487751,352.0,1.0699999999999998,0.4786369299600556,5,5,20230909_130930-131130_R0279.mseed;20230909_130930-131130_R265F.mseed;20230909_130930-131130_R6940.mseed;20230909_130930-131130_R7D17.mseed;20230909_130930-131130_RE5DE.mseed
20230823_142100-142300,Rockfall,-2.2678487352231966e-11,3.565176944321507e-06,-0.02165755259428662,1.478896905619102,3.5651769445848267e-06,1.627084620831113e-05,1.530442578532187e-07,276.0,0.933255562036497,1.1004933112558188,5.954257757031916,166.0,0.10999999999999999,0.7542036857045268,5,5,20230823_142100-142300_R0279.mseed;20230823_142100-142300_R265F.mseed;20230823_142100-142300_R6940.mseed;20230823_142100-142300_R7D17.mseed;20230823_142100-142300_RE5DE.mseed
20230901_121740-121940,Rockfall,-4.082341923721158e-12,3.0030456215167647e-06,-0.013581305139973113,1.6568054973139525,3.0030456224649715e-06,1.3637173109386961e-05,1.1326139208880315e-07,301.6,1.0632447296058662,1.237032240499071,6.26195191894992,168.0,0.32999999999999996,0.4884325199634208,5,5,20230901_121740-121940_R0279.mseed;20230901_121740-121940_R265F.mseed;20230901_121740-121940_R6940.mseed;20230901_121740-121940_R7D17.mseed;20230901_121740-121940_RE5DE.mseed
20230904_081040-081240,Rockfall,1.226524709065914e-10,1.2065399489478379e-05,0.028037711671821397,21.434373962057528,1.2065399491386881e-05,0.00013928761017971712,4.6688560762061574e-06,299.6,1.1149070910757435,1.2114947487226546,6.224109453584573,332.0,0.20999999999999996,0.5464750466016766,5,5,20230904_081040-081240_R0279.mseed;20230904_081040-081240_R265F.mseed;20230904_081040-081240_R6940.mseed;20230904_081040-081240_R7D17.mseed;20230904_081040-081240_RE5DE.mseed
20230910_020130-020330,Rockfall,-6.330264886814656e-11,4.604767717643022e-06,0.0019272149936175411,0.7898298285343063,4.604767718464304e-06,1.8084970560694112e-05,2.5485892087564926e-07,315.2,1.3015582034830429,1.3260973756425423,6.168637410509117,2.0,1.0899999999999999,0.6568486244526701,5,5,20230910_020130-020330_R0279.mseed;20230910_020130-020330_R265F.mseed;20230910_020130-020330_R6940.mseed;20230910_020130-020330_R7D17.mseed;20230910_020130-020330_RE5DE.mseed
20230907_190700-190900,Rockfall,7.54415407167807e-11,2.391710176821452e-06,0.011892537878358408,1.6108024969164165,2.3917101781849198e-06,1.1266247038826516e-05,6.887622285649859e-08,283.6,1.0599116740271644,1.1538068228441989,6.010009768490952,2.0,1.4699999999999998,0.5098797859232566,5,5,20230907_190700-190900_R0279.mseed;20230907_190700-190900_R265F.mseed;20230907_190700-190900_R6940.mseed;20230907_190700-190900_R7D17.mseed;20230907_190700-190900_RE5DE.mseed
20230906_052300-052500,Rockfall,3.4609656127560265e-11,4.463867643498328e-06,-0.0008774639939360066,2.596621530067467,4.463867644123773e-06,2.104910038190399e-05,2.397914585728134e-07,287.0,0.9965836180318306,1.158888465760242,6.033574817119505,356.0,1.1099999999999999,0.6213865386292969,5,5,20230906_052300-052500_R0279.mseed;20230906_052300-052500_R265F.mseed;20230906_052300-052500_R6940.mseed;20230906_052300-052500_R7D17.mseed;20230906_052300-052500_RE5DE.mseed
20230901_040100-040300,Rockfall,3.138268446641409e-12,3.0419314958080813e-06,0.01873693007383349,0.39847427642642386,3.0419314958345935e-06,1.1750962153528839e-05,1.113012271211533e-07,310.0,1.0749104241313223,1.2443155875488217,6.1714232014974435,190.0,1.0499999999999998,0.4813058255120025,4,4,20230901_040100-040300_R0279.mseed;20230901_040100-040300_R6940.mseed;20230901_040100-040300_R7D17.mseed;20230901_040100-040300_RE5DE.mseed
20230831_002030-002230,Rockfall,4.041185029328313e-12,4.0314018025674016e-06,-0.002121421609730796,0.6003269774749735,4.03140180266636e-06,1.5271914431841026e-05,1.9538916163123143e-07,312.8,1.274893758853429,1.267752984977514,6.207155936341275,348.0,1.3299999999999998,0.5611743349205627,5,5,20230831_002030-002230_R0279.mseed;20230831_002030-002230_R265F.mseed;20230831_002030-002230_R6940.mseed;20230831_002030-002230_R7D17.mseed;20230831_002030-002230_RE5DE.mseed
20230820_062200-062400,Rockfall,-1.2850265341542078e-10,2.631240363705547e-06,-0.006812524494126624,1.1624751651822276,2.631240368831287e-06,1.1191098514177947e-05,8.362533944016728e-08,274.0,0.9915993111685136,1.1727863330894324,6.127459945873144,346.0,1.2499999999999998,0.5201068709678801,5,5,20230820_062200-062400_R0279.mseed;20230820_062200-062400_R265F.mseed;20230820_062200-062400_R6940.mseed;20230820_062200-062400_R7D17.mseed;20230820_062200-062400_RE5DE.mseed
20230902_072250-072450,Rockfall,8.651998011250439e-11,3.1296413580204046e-06,0.002158968231332005,1.5482996911224194,3.129641359581445e-06,1.4755466832845382e-05,1.1794190384004477e-07,300.6,1.1299058411799017,1.2254848333853197,6.294438020677738,354.0,1.2299999999999998,0.5547934196630467,5,5,20230902_072250-072450_R0279.mseed;20230902_072250-072450_R265F.mseed;20230902_072250-072450_R6940.mseed;20230902_072250-072450_R7D17.mseed;20230902_072250-072450_RE5DE.mseed
20230823_121910-122110,VTB,-5.916519140529137e-11,5.995623992073892e-06,0.002243562067039097,2.96382715686728,5.995623992588972e-06,2.849066673219988e-05,4.329466660666163e-07,283.8,0.989917506874427,1.1658264347336105,5.672763632548815,348.0,1.0299999999999998,0.6824416513593209,5,5,20230823_121910-122110_R0279.mseed;20230823_121910-122110_R265F.mseed;20230823_121910-122110_R6940.mseed;20230823_121910-122110_R7D17.mseed;20230823_121910-122110_RE5DE.mseed
20230825_011640-011840,VTB,-8.735535135775382e-12,8.114267008355352e-06,0.009643866957310707,8.54970375367969,8.114267008512265e-06,5.1931289805171216e-05,7.962908139452491e-07,304.6,1.229897508540955,1.2669985313799257,5.980719925644605,354.0,1.2299999999999998,0.7683316842335917,5,5,20230825_011640-011840_R0279.mseed;20230825_011640-011840_R265F.mseed;20230825_011640-011840_R6940.mseed;20230825_011640-011840_R7D17.mseed;20230825_011640-011840_RE5DE.mseed
20230829_010550-010750,VTB,-2.1033581051144383e-11,1.134171279156252e-05,0.006405088275392256,9.629471558050987,1.1341712791596026e-05,7.332070906152957e-05,1.5529685469964934e-06,298.2,1.2248979251729022,1.2484407573690306,5.976835047259167,356.0,1.2299999999999998,0.7560525460882402,5,5,20230829_010550-010750_R0279.mseed;20230829_010550-010750_R265F.mseed;20230829_010550-010750_R6940.mseed;20230829_010550-010750_R7D17.mseed;20230829_010550-010750_RE5DE.mseed
20230905_053640-053840,VTB,3.365118042714666e-11,4.594416514067934e-05,-0.006951200427155624,12.117649882049959,4.594416514069579e-05,0.000283239769219262,2.5393417754331896e-05,273.2,0.9365886176151987,1.0226988281275895,5.03540536666169,0.0,1.3499999999999999,0.8913937429779998,5,5,20230905_053640-053840_R0279.mseed;20230905_053640-053840_R265F.mseed;20230905_053640-053840_R6940.mseed;20230905_053640-053840_R7D17.mseed;20230905_053640-053840_RE5DE.mseed
20230826_221130-221330,VTB,-5.962217578111057e-11,3.068070430463159e-05,0.0060012665568440855,5.606750432644331,3.068070430472816e-05,0.0001714622452347673,1.1356296222339261e-05,301.2,1.0832430630780767,1.236473414613449,6.055230896555632,356.0,1.3099999999999998,0.7375818827777666,5,5,20230826_221130-221330_R0279.mseed;20230826_221130-221330_R265F.mseed;20230826_221130-221330_R6940.mseed;20230826_221130-221330_R7D17.mseed;20230826_221130-221330_RE5DE.mseed
20230826_042500-042700,VTB,1.0190464478127617e-11,3.6631838737523033e-05,0.02266668055467299,16.209105713254445,3.6631838737524795e-05,0.00029905950209624946,2.0565492337646343e-05,274.6,1.0282476460294974,1.0806031344395692,5.5801961804004225,356.0,1.2699999999999998,0.728533059537548,5,5,20230826_042500-042700_R0279.mseed;20230826_042500-042700_R265F.mseed;20230826_042500-042700_R6940.mseed;20230826_042500-042700_R7D17.mseed;20230826_042500-042700_RE5DE.mseed
20230831_041650-041850,VTB,-4.855104756202188e-11,3.611536043727073e-05,0.0019187854320806025,21.792306299083595,3.6115360437346794e-05,0.0003165027442105464,1.8198683398893313e-05,285.4,1.0749104241313225,1.1445110477942837,6.138054710188269,0.0,1.3899999999999997,0.7420055313478133,5,5,20230831_041650-041850_R0279.mseed;20230831_041650-041850_R265F.mseed;20230831_041650-041850_R6940.mseed;20230831_041650-041850_R7D17.mseed;20230831_041650-041850_RE5DE.mseed
20230906_163720-163920,VTB,6.669078407486335e-12,1.3761497625263827e-05,0.01606801011100547,7.208660771578046,1.3761497625464599e-05,8.04419062707272e-05,2.2822490027512454e-06,291.2,1.2215648695942005,1.1985148895109954,6.2031636590034065,358.0,1.2699999999999998,0.7629735530180102,5,5,20230906_163720-163920_R0279.mseed;20230906_163720-163920_R265F.mseed;20230906_163720-163920_R6940.mseed;20230906_163720-163920_R7D17.mseed;20230906_163720-163920_RE5DE.mseed
20230829_122330-122530,VTB,2.965776369205064e-11,5.084099243866343e-06,0.007623631520744778,7.1064271668076895,5.084099244038727e-06,3.263855678986581e-05,3.156862054696483e-07,303.4,1.0165819515040413,1.1781742776199031,6.157479075738525,0.0,1.3499999999999999,0.6919280173449333,5,5,20230829_122330-122530_R0279.mseed;20230829_122330-122530_R265F.mseed;20230829_122330-122530_R6940.mseed;20230829_122330-122530_R7D17.mseed;20230829_122330-122530_RE5DE.mseed
20230826_195900-200100,VTB,3.608947628424916e-11,2.372073762014157e-06,0.0047860398711914625,1.0625207502547223,2.3720737632786517e-06,9.40336963473842e-06,6.765050626623046e-08,265.0,0.9782518123489709,1.106766149704286,5.791052212675812,356.0,1.0099999999999998,0.6261382550937071,5,5,20230826_195900-200100_R0279.mseed;20230826_195900-200100_R265F.mseed;20230826_195900-200100_R6940.mseed;20230826_195900-200100_R7D17.mseed;20230826_195900-200100_RE5DE.mseed
20230906_014730-014930,VTB,-1.1723755226881024e-10,1.153773476196351e-05,-0.003116803072426019,6.466242839731748,1.1537734762590411e-05,6.932009934283847e-05,1.604522704883661e-06,301.8,1.2948920923256395,1.2307575578129475,6.237261495284485,2.0,1.2699999999999998,0.7738042323037236,5,5,20230906_014730-014930_R0279.mseed;20230906_014730-014930_R265F.mseed;20230906_014730-014930_R6940.mseed;20230906_014730-014930_R7D17.mseed;20230906_014730-014930_RE5DE.mseed
20230826_082530-082730,VTB,-2.7684220906936418e-12,1.4417299087390831e-05,-0.005051788676288435,6.938683053346696,1.4417299087430348e-05,8.312246881728104e-05,2.5288028162179618e-06,304.4,1.1765686192817264,1.224251725695826,6.224914447845887,358.0,1.3299999999999998,0.8103361994371368,5,5,20230826_082530-082730_R0279.mseed;20230826_082530-082730_R265F.mseed;20230826_082530-082730_R6940.mseed;20230826_082530-082730_R7D17.mseed;20230826_082530-082730_RE5DE.mseed
20230821_121850-122050,VTB,6.462578018436762e-11,1.0547115122923875e-05,0.01211653816266638,7.487366787686833,1.054711512317188e-05,6.230605511300194e-05,1.3410653208009772e-06,278.4,0.9982501458211814,1.1066263319822867,5.692574725906248,356.0,1.2499999999999998,0.7424535998617001,5,5,20230821_121850-122050_R0279.mseed;20230821_121850-122050_R265F.mseed;20230821_121850-122050_R6940.mseed;20230821_121850-122050_R7D17.mseed;20230821_121850-122050_RE5DE.mseed
20230816_233740-233940,VTB,-1.0815410705962703e-10,9.00304162925102e-06,-0.0019839358142221433,6.849795074170563,9.003041630101655e-06,5.213043689816304e-05,9.78776041994988e-07,271.8,1.121573202233147,1.167084025116515,5.633798464094663,352.0,0.9499999999999998,0.6290112494987682,5,5,20230816_233740-233940_R0279.mseed;20230816_233740-233940_R265F.mseed;20230816_233740-233940_R6940.mseed;20230816_233740-233940_R7D17.mseed;20230816_233740-233940_RE5DE.mseed
20230817_061050-061250,VTB,1.89942573107709e-12,2.6264255181576788e-05,-0.005383428007762038,9.91080367931422,2.6264255181639814e-05,0.00016282389091173215,8.321690816984231e-06,270.0,0.9532694497680747,1.0700457735882676,5.547570248442007,358.0,1.3699999999999999,0.8552154869522096,5,5,20230817_061050-061250_R0279.mseed;20230817_061050-061250_R265F.mseed;20230817_061050-061250_R6940.mseed;20230817_061050-061250_R7D17.mseed;20230817_061050-061250_RE5DE.mseed
20230826_221940-222140,VTB,-2.5925774906769932e-11,1.6121879062241646e-05,-5.837242141028751e-05,8.651018130523308,1.612187906228475e-05,0.00010685253190950567,3.128254308218e-06,300.6,1.2915590367469378,1.2081781937149831,6.184256554243207,2.0,1.3299999999999998,0.803119666975463,5,5,20230826_221940-222140_R0279.mseed;20230826_221940-222140_R265F.mseed;20230826_221940-222140_R6940.mseed;20230826_221940-222140_R7D17.mseed;20230826_221940-222140_RE5DE.mseed
20230826_214000-214200,VTB,2.0605315877268777e-11,3.063174035901628e-06,-0.016835053221371805,3.923282398611703,3.0631740361143694e-06,1.836024749676034e-05,1.1270967045892678e-07,285.6,0.9115907007749355,1.1791558249399614,6.178522055213108,358.0,1.2699999999999998,0.6678910791622391,5,5,20230826_214000-214200_R0279.mseed;20230826_214000-214200_R265F.mseed;20230826_214000-214200_R6940.mseed;20230826_214000-214200_R7D17.mseed;20230826_214000-214200_RE5DE.mseed
20230823_040802-041000,VTB,-8.649287170778216e-11,4.954839952506524e-06,-0.003549007198905334,3.463583315265467,4.954839953529652e-06,2.6406558160555828e-05,2.9331890401192737e-07,296.0,1.3151427845097874,1.2436692021183173,6.133673638102038,2.0,1.4899999999999998,0.6453338841174687,5,5,20230823_040802-041000_R0279.mseed;20230823_040802-041000_R265F.mseed;20230823_040802-041000_R6940.mseed;20230823_040802-041000_R7D17.mseed;20230823_040802-041000_RE5DE.mseed
20230823_042755-042955,VTB,-2.9406538319293043e-12,8.51072820975101e-06,0.03806411011705801,20.345884076686026,8.510728209975342e-06,7.283629099354246e-05,1.0783587081585398e-06,297.8,1.1615698691775684,1.2008908841096548,6.127192045545684,10.0,1.2899999999999998,0.619708725187318,5,5,20230823_042755-042955_R0279.mseed;20230823_042755-042955_R265F.mseed;20230823_042755-042955_R6940.mseed;20230823_042755-042955_R7D17.mseed;20230823_042755-042955_RE5DE.mseed
20230826_043350-043550,VTB,-4.640421150981603e-11,1.4774361216791812e-05,0.009428728402274097,14.34925940581896,1.4774361216993744e-05,0.0001435671765661843,6.692214751402172e-06,297.2,1.2065661194900426,1.2093001591257606,6.217552805747724,358.0,1.3299999999999998,0.6404959025405217,5,5,20230826_043350-043550_R0279.mseed;20230826_043350-043550_R265F.mseed;20230826_043350-043550_R6940.mseed;20230826_043350-043550_R7D17.mseed;20230826_043350-043550_RE5DE.mseed
20230823_132010-132210,VTB,3.258074155076185e-11,4.590474677496782e-06,0.014422697826455213,3.547707961024726,4.590474677903832e-06,2.4018566085281403e-05,2.5381075688773824e-07,279.6,0.9582534788767602,1.1886186488264585,6.138773307880962,356.0,1.2899999999999998,0.6681557116844837,5,5,20230823_132010-132210_R0279.mseed;20230823_132010-132210_R265F.mseed;20230823_132010-132210_R6940.mseed;20230823_132010-132210_R7D17.mseed;20230823_132010-132210_RE5DE.mseed
20230822_125630-125830,VTB,-1.9178988696199938e-12,8.050392161910429e-06,0.008043276559839416,7.635044406010243,8.050392161997131e-06,4.7979830274391525e-05,7.810511316331577e-07,273.6,0.9882509790850762,1.0918237425656927,5.665614959942303,354.0,1.2299999999999998,0.7636268230028898,5,5,20230822_125630-125830_R0279.mseed;20230822_125630-125830_R265F.mseed;20230822_125630-125830_R6940.mseed;20230822_125630-125830_R7D17.mseed;20230822_125630-125830_RE5DE.mseed
20230831_042910-043110,VTB,-1.91993803853421e-11,1.4342835369829789e-05,0.0020289739817357074,8.415179347713286,1.4342835369881555e-05,8.881389316974161e-05,2.4781510225046786e-06,287.8,1.079910007499375,1.1710227544803646,5.987015631144204,356.0,1.4099999999999997,0.8015032774062627,5,5,20230831_042910-043110_R0279.mseed;20230831_042910-043110_R265F.mseed;20230831_042910-043110_R6940.mseed;20230831_042910-043110_R7D17.mseed;20230831_042910-043110_RE5DE.mseed
20230828_112340-112540,VTB,3.0859270430736936e-11,7.900815727997296e-06,-0.003376603826767045,10.983439333936449,7.900815728123853e-06,5.5106633893633246e-05,7.501680126725491e-07,289.6,0.9382551454045498,1.1470932224280366,6.141850543195716,0.0,1.4699999999999998,0.7892262233383757,5,5,20230828_112340-112540_R0279.mseed;20230828_112340-112540_R265F.mseed;20230828_112340-112540_R6940.mseed;20230828_112340-112540_R7D17.mseed;20230828_112340-112540_RE5DE.mseed
20230827_113100-113300,VTB,-5.5937172329339614e-11,9.8732101281544e-06,0.005288184927742448,7.13652245000968,9.873210128396811e-06,5.5395370304067846e-05,1.1732976054664091e-06,289.8,1.0165819515040413,1.12875364256983,5.81806556921107,354.0,1.1899999999999997,0.7491296552293972,5,5,20230827_113100-113300_R0279.mseed;20230827_113100-113300_R265F.mseed;20230827_113100-113300_R6940.mseed;20230827_113100-113300_R7D17.mseed;20230827_113100-113300_RE5DE.mseed
20230824_132000-132200,VTB,-1.277937785973324e-11,9.409177819212643e-06,0.0008356917048320077,5.266966040274782,9.409177819310538e-06,5.088201899275537e-05,1.0637879266689857e-06,288.6,1.1949004249645863,1.1702745750017531,5.9707557963557925,4.0,1.4499999999999997,0.7467059820687263,5,5,20230824_132000-132200_R0279.mseed;20230824_132000-132200_R265F.mseed;20230824_132000-132200_R6940.mseed;20230824_132000-132200_R7D17.mseed;20230824_132000-132200_RE5DE.mseed
20230825_042950-043150,VTB,9.52626522747682e-12,1.8055298678709165e-05,0.0079010070398004,7.636178629443073,1.8055298678848153e-05,0.00010851793088255296,4.030847176799283e-06,285.4,1.0132488959253396,1.118997673211266,5.777232318505727,354.0,1.17,0.7141370251771321,5,5,20230825_042950-043150_R0279.mseed;20230825_042950-043150_R265F.mseed;20230825_042950-043150_R6940.mseed;20230825_042950-043150_R7D17.mseed;20230825_042950-043150_RE5DE.mseed
20230823_223940-224140,VTB,7.109266116744992e-11,1.9019765412625695e-05,0.016883180995465107,7.371114237558001,1.9019765412766055e-05,0.00011190831676623987,4.360119249497945e-06,287.4,1.2232313973835514,1.191467507871868,6.196281014936217,356.0,1.3099999999999998,0.7609282299634219,5,5,20230823_223940-224140_R0279.mseed;20230823_223940-224140_R265F.mseed;20230823_223940-224140_R6940.mseed;20230823_223940-224140_R7D17.mseed;20230823_223940-224140_RE5DE.mseed
20230819_105250-105450,VTB,2.3394182636529225e-12,8.460955509728819e-05,-0.005802207772232742,9.77065756963394,8.46095550972974e-05,0.0005270558239459865,8.62262598333627e-05,263.0,0.9915840346637779,1.0734154290597906,5.499713913501479,0.0,1.3299999999999998,0.8204035053277482,5,5,20230819_105250-105450_R0279.mseed;20230819_105250-105450_R265F.mseed;20230819_105250-105450_R6940.mseed;20230819_105250-105450_R7D17.mseed;20230819_105250-105450_RE5DE.mseed
20230822_172140-172340,VTB,7.336421032855573e-11,1.1753298530007163e-05,-0.00952027087923935,6.429956795856074,1.1753298530347379e-05,6.598423341927762e-05,1.6883720157924601e-06,283.0,1.3298891759020082,1.2644929417548598,6.205972037375513,352.0,1.3299999999999998,0.5952072850012027,5,5,20230822_172140-172340_R0279.mseed;20230822_172140-172340_R265F.mseed;20230822_172140-172340_R6940.mseed;20230822_172140-172340_R7D17.mseed;20230822_172140-172340_RE5DE.mseed
20230821_231940-232140,VTB,3.3805397966157952e-12,9.864072710201897e-05,-0.0040995512187505054,9.514096279253243,9.864072710202359e-05,0.0006016821208433079,0.00011718190275006891,266.6,0.9915840346637779,1.0745749737196966,5.535677368115749,358.0,1.3099999999999998,0.805789210972489,5,5,20230821_231940-232140_R0279.mseed;20230821_231940-232140_R265F.mseed;20230821_231940-232140_R6940.mseed;20230821_231940-232140_R7D17.mseed;20230821_231940-232140_RE5DE.mseed
20230820_011340-011540,VTB,1.054773923627243e-10,8.358863179012317e-06,0.006355069151916834,6.4148237287654055,8.358863180207616e-06,4.387767525437032e-05,8.407694391215715e-07,283.0,1.0149323667472154,1.135812624618072,5.8515791371159,354.0,1.0899999999999999,0.7219763265856783,5,5,20230820_011340-011540_R0279.mseed;20230820_011340-011540_R265F.mseed;20230820_011340-011540_R6940.mseed;20230820_011340-011540_R7D17.mseed;20230820_011340-011540_RE5DE.mseed
20230824_183400-183600,VTB,6.974829268911247e-11,4.146213150370175e-06,0.003869211489320615,4.75366815239649,4.1462131510950805e-06,2.3905745036879686e-05,2.0669238577003355e-07,281.0,1.2982251479043412,1.264312920982953,6.146136268846663,348.0,1.0699999999999998,0.5940481507661292,5,5,20230824_183400-183600_R0279.mseed;20230824_183400-183600_R265F.mseed;20230824_183400-183600_R6940.mseed;20230824_183400-183600_R7D17.mseed;20230824_183400-183600_RE5DE.mseed
20230817_154040-154240,VTB,-9.295617750649289e-11,2.3280196806429305e-05,0.01922789040251627,9.627064710396203,2.328019680665164e-05,0.00015186493167420773,6.685489688445576e-06,261.4,1.0199319501152682,1.1102920548229298,5.757501032020899,356.0,1.2099999999999997,0.7309102363956197,5,5,20230817_154040-154240_R0279.mseed;20230817_154040-154240_R265F.mseed;20230817_154040-154240_R6940.mseed;20230817_154040-154240_R7D17.mseed;20230817_154040-154240_RE5DE.mseed
20230821_233430-233630,VTB,-7.146481946781425e-11,6.626182267459721e-06,-0.01082506140120654,13.760437735079496,6.62618226796188e-06,5.0698697856905335e-05,5.741209774662578e-07,288.6,1.0732438963419715,1.1581037851699807,6.139024137278852,0.0,1.2899999999999998,0.7183704599683893,5,5,20230821_233430-233630_R0279.mseed;20230821_233430-233630_R265F.mseed;20230821_233430-233630_R6940.mseed;20230821_233430-233630_R7D17.mseed;20230821_233430-233630_RE5DE.mseed
20230825_212520-212720,VTB,-3.147791770137597e-11,4.915734754327298e-06,0.0009114673608338014,5.653338446000714,4.915734754656747e-06,2.6100488671017948e-05,2.917392336457305e-07,275.6,1.021581534872094,1.1383892479985402,5.915447753726103,352.0,1.15,0.719698354124496,5,5,20230825_212520-212720_R0279.mseed;20230825_212520-212720_R265F.mseed;20230825_212520-212720_R6940.mseed;20230825_212520-212720_R7D17.mseed;20230825_212520-212720_RE5DE.mseed
20230824_034535-034735,VTB,2.18945574651947e-11,1.1768843034583961e-05,0.00417973353008049,6.21658907853593,1.1768843035130164e-05,6.432758649724688e-05,1.678133870861308e-06,287.4,1.021581534872094,1.122901287047175,5.766224299681986,354.0,1.1899999999999997,0.7438812363196616,5,5,20230824_034535-034735_R0279.mseed;20230824_034535-034735_R265F.mseed;20230824_034535-034735_R6940.mseed;20230824_034535-034735_R7D17.mseed;20230824_034535-034735_RE5DE.mseed
20230824_212900-213100,VTB,6.8015747958486855e-12,3.0515639482547814e-06,-0.006747095822614882,2.5551764656508618,3.0515639486741787e-06,1.5439990865463246e-05,1.122148118326744e-07,284.0,1.0965752853928838,1.203775913843248,6.2690122195533835,352.0,1.0699999999999998,0.5969402889296598,5,5,20230824_212900-213100_R0279.mseed;20230824_212900-213100_R265F.mseed;20230824_212900-213100_R6940.mseed;20230824_212900-213100_R7D17.mseed;20230824_212900-213100_RE5DE.mseed
20230826_212530-212700,VTB,1.159992134973378e-11,3.164047732441183e-06,0.003235972716660968,2.2632364246059473,3.164047732859515e-06,1.3653519367283343e-05,9.081497115730479e-08,206.6,0.9621153205199422,1.1251494922149685,5.5315409646632485,352.0,1.1099999999999999,0.584397715182613,5,5,20230826_212530-212700_R0279.mseed;20230826_212530-212700_R265F.mseed;20230826_212530-212700_R6940.mseed;20230826_212530-212700_R7D17.mseed;20230826_212530-212700_RE5DE.mseed
20230824_130040-130240,VTB,2.139888486815771e-11,0.00010127580157250544,-0.003754188153987999,9.542012300550235,0.00010127580157251101,0.0006217346508364423,0.0001235131571915024,262.8,0.9915840346637779,1.0687030442605088,5.474527412759302,358.0,1.3099999999999998,0.8061772500222275,5,5,20230824_130040-130240_R0279.mseed;20230824_130040-130240_R265F.mseed;20230824_130040-130240_R6940.mseed;20230824_130040-130240_R7D17.mseed;20230824_130040-130240_RE5DE.mseed
20230826_043600-043800,VTB,-3.189490038802469e-11,7.54937788778862e-06,0.047364402322667566,15.847357027508982,7.549377888130043e-06,6.479814967952211e-05,8.032854050440487e-07,303.6,1.123239730022498,1.1913730295045277,6.222718056270554,0.0,1.3099999999999998,0.717698909209961,5,5,20230826_043600-043800_R0279.mseed;20230826_043600-043800_R265F.mseed;20230826_043600-043800_R6940.mseed;20230826_043600-043800_R7D17.mseed;20230826_043600-043800_RE5DE.mseed
20230827_054250-054450,VTB,-1.995387919933564e-11,1.5657451216560015e-05,-0.019940969912935917,7.4149865769827255,1.565745121658891e-05,8.956184495310468e-05,2.9941455667803682e-06,308.0,1.3115573702191485,1.2469938033248278,6.172491226905368,0.0,1.2299999999999998,0.739157245057816,5,5,20230827_054250-054450_R0279.mseed;20230827_054250-054450_R265F.mseed;20230827_054250-054450_R6940.mseed;20230827_054250-054450_R7D17.mseed;20230827_054250-054450_RE5DE.mseed
20230818_050550-050750,VTB,1.3338729610709857e-11,6.7774762659420596e-06,0.043009126681719675,13.955954500857084,6.777476266170792e-06,5.1644221213676096e-05,6.22725868642405e-07,294.0,0.9549365330666889,1.1179787890950776,5.937934742890393,358.0,1.3699999999999999,0.6955384397546532,5,5,20230818_050550-050750_R0279.mseed;20230818_050550-050750_R265F.mseed;20230818_050550-050750_R6940.mseed;20230818_050550-050750_R7D17.mseed;20230818_050550-050750_RE5DE.mseed
20230831_040640-040840,VTB,1.9192784474151845e-11,0.0001073375265624719,0.011668814245142756,11.76491200922329,0.0001073375265624753,0.0007473686785860117,0.00014318099843717167,266.6,0.9499208399300058,1.0502769355259505,5.392133783472842,0.0,1.3499999999999999,0.8383614058876117,5,5,20230831_040640-040840_R0279.mseed;20230831_040640-040840_R265F.mseed;20230831_040640-040840_R6940.mseed;20230831_040640-040840_R7D17.mseed;20230831_040640-040840_RE5DE.mseed
20230830_015950-020150,VTB,2.5250611761865844e-11,5.385372777911299e-06,0.042131326089408186,4.037755041789155,5.385372778354632e-06,3.083426875896967e-05,3.5481531563115384e-07,310.2,0.989917506874427,1.2150522555081473,6.230512297517969,4.0,1.3299999999999998,0.6517522361084674,5,5,20230830_015950-020150_R0279.mseed;20230830_015950-020150_R265F.mseed;20230830_015950-020150_R6940.mseed;20230830_015950-020150_R7D17.mseed;20230830_015950-020150_RE5DE.mseed
20230823_035840-040040,VTB,1.4754459720118548e-11,1.9094379078762616e-05,0.007402715070116242,7.84832193347952,1.909437907881363e-05,0.00010872614442107655,4.394531998147434e-06,283.8,1.0165819515040413,1.1237872941109077,5.771636027815548,354.0,1.1899999999999997,0.7316441414636616,5,5,20230823_035840-040040_R0279.mseed;20230823_035840-040040_R265F.mseed;20230823_035840-040040_R6940.mseed;20230823_035840-040040_R7D17.mseed;20230823_035840-040040_RE5DE.mseed
20230826_213200-213400,VTB,2.5600308736247198e-11,0.00011915958274726094,-0.003291158542777129,9.490455417278806,0.00011915958274726693,0.0007393561836303404,0.00017109354156424802,258.0,0.9915840346637779,1.0724864130232437,5.498792570240727,358.0,1.3299999999999998,0.8142800791502217,5,5,20230826_213200-213400_R0279.mseed;20230826_213200-213400_R265F.mseed;20230826_213200-213400_R6940.mseed;20230826_213200-213400_R7D17.mseed;20230826_213200-213400_RE5DE.mseed
20230822_205440-205640,VTB,-9.929964122296017e-12,1.4065037753019844e-05,0.0050514154144546035,7.250336655524782,1.406503775302532e-05,7.911136664752572e-05,2.3806436071207785e-06,270.0,1.0165819515040413,1.1164609521702993,5.753800542724317,354.0,1.2099999999999997,0.7367514990953721,5,5,20230822_205440-205640_R0279.mseed;20230822_205440-205640_R265F.mseed;20230822_205440-205640_R6940.mseed;20230822_205440-205640_R7D17.mseed;20230822_205440-205640_RE5DE.mseed
20230825_152350-152550,VTB,-1.1888983046276664e-11,0.0001018722508226051,-0.003964344100355728,9.523348023432053,0.00010187225082261995,0.0006298858743765386,0.00012511286401144876,269.6,0.9732522289809182,1.0740926679403435,5.517790151921242,0.0,1.3299999999999998,0.8294245553386893,5,5,20230825_152350-152550_R0279.mseed;20230825_152350-152550_R265F.mseed;20230825_152350-152550_R6940.mseed;20230825_152350-152550_R7D17.mseed;20230825_152350-152550_RE5DE.mseed
20230823_203700-203900,VTB,-1.157912296981497e-10,4.464579043960484e-06,-0.00614903433697903,4.815885596399185,4.464579046291222e-06,2.4337614768711653e-05,2.422965583414917e-07,289.4,1.1932338971752354,1.2323778938058467,6.299748699763713,356.0,1.2699999999999998,0.7408219971854517,5,5,20230823_203700-203900_R0279.mseed;20230823_203700-203900_R265F.mseed;20230823_203700-203900_R6940.mseed;20230823_203700-203900_R7D17.mseed;20230823_203700-203900_RE5DE.mseed
20230824_054200-054400,VTB,-1.8563212941007177e-11,2.2585984254136054e-05,-0.0051644771850578395,9.223870346098309,2.2585984254203034e-05,0.0001418761565942836,6.134955028527943e-06,290.0,1.0749104241313223,1.1699443428313805,6.111678730771277,0.0,1.4499999999999997,0.76740717117179,5,5,20230824_054200-054400_R0279.mseed;20230824_054200-054400_R265F.mseed;20230824_054200-054400_R6940.mseed;20230824_054200-054400_R7D17.mseed;20230824_054200-054400_RE5DE.mseed
20230824_214600-214800,VTB,-1.0429304969058603e-10,1.2133007268660929e-05,-0.014738518241213855,7.321362605183884,1.2133007269315206e-05,7.560252517022529e-05,1.7832069860654766e-06,284.2,1.274893758853429,1.2479995659675915,6.164872242881332,350.0,1.2099999999999997,0.6227886571120624,5,5,20230824_214600-214800_R0279.mseed;20230824_214600-214800_R265F.mseed;20230824_214600-214800_R6940.mseed;20230824_214600-214800_R7D17.mseed;20230824_214600-214800_RE5DE.mseed
20230825_014640-014840,VTB,-2.998763315662492e-11,4.532631273114746e-06,-0.010849887821364219,1.8594878094602543,4.532631273318498e-06,2.0896851107622894e-05,2.4741849217629827e-07,298.6,1.1015748687609364,1.233769148880637,6.2108315721052465,348.0,0.8299999999999998,0.5560017517051524,5,5,20230825_014640-014840_R0279.mseed;20230825_014640-014840_R265F.mseed;20230825_014640-014840_R6940.mseed;20230825_014640-014840_R7D17.mseed;20230825_014640-014840_RE5DE.mseed
20230816_234900-235100,VTB,-5.172665590810267e-11,1.2111562807243472e-05,0.003421582636722837,8.903083459565194,1.2111562807414178e-05,7.739748681459614e-05,1.769067983861884e-06,279.2,1.2232313973835514,1.232975271643237,5.957955988171554,356.0,1.2699999999999998,0.7909536421368807,5,5,20230816_234900-235100_R0279.mseed;20230816_234900-235100_R265F.mseed;20230816_234900-235100_R6940.mseed;20230816_234900-235100_R7D17.mseed;20230816_234900-235100_RE5DE.mseed
20230906_145100-145300,VTB,8.203536976519834e-13,0.00011941362241985908,-0.003800114449764343,9.334462031764819,0.00011941362241988281,0.000741333935296749,0.0001718081569293839,258.8,0.9915840346637779,1.0758922812909322,5.508768569245451,358.0,1.2899999999999998,0.7887473483527044,5,5,20230906_145100-145300_R0279.mseed;20230906_145100-145300_R265F.mseed;20230906_145100-145300_R6940.mseed;20230906_145100-145300_R7D17.mseed;20230906_145100-145300_RE5DE.mseed
20230822_155930-160130,VTB,2.0302674287453272e-11,9.847075707838115e-06,0.009490597576854295,8.446444257460124,9.84707570814356e-06,6.065323524598593e-05,1.1675969051041344e-06,282.6,1.2282309807516039,1.2503095306928684,5.970132922091802,356.0,1.2899999999999998,0.7556189279026667,5,5,20230822_155930-160130_R0279.mseed;20230822_155930-160130_R265F.mseed;20230822_155930-160130_R6940.mseed;20230822_155930-160130_R7D17.mseed;20230822_155930-160130_RE5DE.mseed
20230823_164800-165000,VTB,3.7758466171388676e-11,5.948736147526934e-05,-0.006140900456078141,11.138955528743775,5.948736147530187e-05,0.00036941991919710256,4.263337344100495e-05,274.4,0.9799183401383218,1.0481727388948763,5.262233206007984,0.0,1.3499999999999999,0.854651140583351,5,5,20230823_164800-165000_R0279.mseed;20230823_164800-165000_R265F.mseed;20230823_164800-165000_R6940.mseed;20230823_164800-165000_R7D17.mseed;20230823_164800-165000_RE5DE.mseed
20230823_095523-095723,VTB,-7.933766930866614e-11,9.312203528141668e-06,0.0004980638745502643,7.434842143966842,9.312203528634596e-06,5.5328331829650125e-05,1.0438037111142231e-06,278.8,0.9782518123489709,1.100523842806096,5.6604061454847505,356.0,1.2099999999999997,0.751958660788098,5,5,20230823_095523-095723_R0279.mseed;20230823_095523-095723_R265F.mseed;20230823_095523-095723_R6940.mseed;20230823_095523-095723_R7D17.mseed;20230823_095523-095723_RE5DE.mseed
20230816_021000-021200,VTB,7.264514352318336e-11,5.8204659837107764e-05,-0.0003187461555973119,6.246779538210184,5.8204659837161805e-05,0.0003068288664950625,4.13358598093098e-05,302.3333333333333,0.9888331065003841,1.1851762378175625,6.216137841278774,358.0,1.13,0.8732723384084975,3,3,20230816_021000-021200_R0279.mseed;20230816_021000-021200_R6940.mseed;20230816_021000-021200_RE5DE.mseed
20230828_001250-001450,VTB,-6.587158185268159e-11,6.234763414029262e-05,-0.005900422701134744,9.850933469904199,6.234763414033264e-05,0.00037522666041353645,4.6782570527941914e-05,264.0,0.9799183401383218,1.063048302510817,5.449938988740569,358.0,1.3099999999999998,0.8130233069519485,5,5,20230828_001250-001450_R0279.mseed;20230828_001250-001450_R265F.mseed;20230828_001250-001450_R6940.mseed;20230828_001250-001450_R7D17.mseed;20230828_001250-001450_RE5DE.mseed
20230907_160118-160318,VTB,-7.596542520709267e-11,7.211760342548494e-05,-0.0034905152437825103,10.363964330191854,7.211760342554118e-05,0.0004534459643667014,6.248925970425881e-05,274.0,1.006582784767936,1.0795316461693294,5.550443687950883,0.0,1.4299999999999997,0.64509116844594,5,5,20230907_160118-160318_R0279.mseed;20230907_160118-160318_R265F.mseed;20230907_160118-160318_R6940.mseed;20230907_160118-160318_R7D17.mseed;20230907_160118-160318_RE5DE.mseed
20230819_195520-195720,VTB,1.786051315873962e-11,5.021778478712916e-06,0.004885460072763405,8.401285512939094,5.021778478862718e-06,3.282016177338597e-05,3.0564776218801667e-07,280.2,1.2248979251729022,1.2409321356344147,6.009841972970607,358.0,1.1899999999999997,0.7546321493222332,5,5,20230819_195520-195720_R0279.mseed;20230819_195520-195720_R265F.mseed;20230819_195520-195720_R6940.mseed;20230819_195520-195720_R7D17.mseed;20230819_195520-195720_RE5DE.mseed
20230817_060910-061110,VTB,1.088630497258259e-10,5.33173588966618e-06,0.0003673846567876851,6.004941190865604,5.331735891042129e-06,3.362968918078171e-05,3.422910793729596e-07,275.2,0.9366044496291975,1.1603138841767744,6.165692227308481,0.0,1.3299999999999998,0.7686926277618713,5,5,20230817_060910-061110_R0279.mseed;20230817_060910-061110_R265F.mseed;20230817_060910-061110_R6940.mseed;20230817_060910-061110_R7D17.mseed;20230817_060910-061110_RE5DE.mseed
20230823_230640-230840,VTB,-1.4302655592579616e-11,3.6847408269091375e-06,0.01207196937643383,3.454019403986173,3.684740827439719e-06,2.050602906933714e-05,1.6333377874348795e-07,282.8,0.9899175068744273,1.1390565564066055,6.068842282991517,0.0,1.3099999999999998,0.652530578918015,5,5,20230823_230640-230840_R0279.mseed;20230823_230640-230840_R265F.mseed;20230823_230640-230840_R6940.mseed;20230823_230640-230840_R7D17.mseed;20230823_230640-230840_RE5DE.mseed
20230906_144540-144740,VTB,-2.8154249491481392e-11,2.25309662137647e-05,-0.0019631646289995164,8.957813135008456,2.2530966213886155e-05,0.00013488426815333308,6.105965385235471e-06,284.2,1.0782434797100242,1.149259100472954,6.056154244337504,2.0,1.4099999999999997,0.7816266461931342,5,5,20230906_144540-144740_R0279.mseed;20230906_144540-144740_R265F.mseed;20230906_144540-144740_R6940.mseed;20230906_144540-144740_R7D17.mseed;20230906_144540-144740_RE5DE.mseed
20230826_152750-152950,VTB,5.102805839606533e-11,4.127447563189093e-06,-0.0034216647448856463,4.470883291407917,4.127447563704722e-06,2.2177827548752203e-05,2.0540706138215415e-07,283.6,1.001583201399883,1.1369307448961783,5.845360025180801,354.0,1.15,0.7018385130499759,5,5,20230826_152750-152950_R0279.mseed;20230826_152750-152950_R265F.mseed;20230826_152750-152950_R6940.mseed;20230826_152750-152950_R7D17.mseed;20230826_152750-152950_RE5DE.mseed
20230829_115950-120150,VTB,5.627200553036016e-11,2.9254467149641027e-05,-0.005507233858925596,8.149350871180323,2.9254467149707892e-05,0.00017609413833133685,1.0287981824785832e-05,275.0,0.959920006666111,1.1224670399289036,5.804610997916805,358.0,1.3299999999999998,0.8396156197641095,5,5,20230829_115950-120150_R0279.mseed;20230829_115950-120150_R265F.mseed;20230829_115950-120150_R6940.mseed;20230829_115950-120150_R7D17.mseed;20230829_115950-120150_RE5DE.mseed
20230822_170220-170420,VTB,7.279642740953607e-11,1.417372510614458e-05,0.012841850551880044,7.654498380343474,1.4173725106391902e-05,8.537862907358494e-05,2.423952487926225e-06,288.8,1.2965586201149903,1.222415692973203,6.164615235190386,358.0,1.3099999999999998,0.760460228681553,5,5,20230822_170220-170420_R0279.mseed;20230822_170220-170420_R265F.mseed;20230822_170220-170420_R6940.mseed;20230822_170220-170420_R7D17.mseed;20230822_170220-170420_RE5DE.mseed
20230827_072340-072540,VTB,2.4110055117566457e-11,5.127503729925767e-06,-0.10996342527420984,8.9067318343367,5.127503730029692e-06,3.656020116970971e-05,4.604142972044758e-07,297.2,0.9982501458211817,1.1980605137289102,6.188808190923377,346.0,0.9299999999999998,0.41441849701068695,5,5,20230827_072340-072540_R0279.mseed;20230827_072340-072540_R265F.mseed;20230827_072340-072540_R6940.mseed;20230827_072340-072540_R7D17.mseed;20230827_072340-072540_RE5DE.mseed
20230823_222540-222740,VTB,1.3740359594485575e-11,5.226470096539182e-06,0.012205662367389887,7.867283435767464,5.2264700976880424e-06,3.6468597543587084e-05,3.2894003101869114e-07,285.0,0.9832513957170237,1.165417307013431,6.177616264504104,0.0,1.3699999999999999,0.7395785496394857,5,5,20230823_222540-222740_R0279.mseed;20230823_222540-222740_R265F.mseed;20230823_222540-222740_R6940.mseed;20230823_222540-222740_R7D17.mseed;20230823_222540-222740_RE5DE.mseed
20230816_043650-043850,VTB,1.857220474359506e-10,3.0097852988820426e-05,-0.021477459507635504,9.788651615097299,3.0097852989409635e-05,0.00018355645345825508,1.089838244543135e-05,278.0,0.9332814858021091,1.0719423978334703,5.53975827795876,2.0,1.2299999999999998,0.919531929255722,3,3,20230816_043650-043850_R0279.mseed;20230816_043650-043850_R6940.mseed;20230816_043650-043850_RE5DE.mseed
20230903_102120-102320,Regional_Earthquake,-4.7497973799699925e-11,4.928661531498471e-06,0.01979802314870302,2.2650360683720607,4.928661531868217e-06,2.3526392625808925e-05,2.9187439945162627e-07,299.0,1.1115970891314613,1.28280748136141,6.282286831586507,206.0,0.36999999999999994,0.5556809110902975,5,5,20230903_102120-102320_R0279.mseed;20230903_102120-102320_R265F.mseed;20230903_102120-102320_R6940.mseed;20230903_102120-102320_R7D17.mseed;20230903_102120-102320_RE5DE.mseed
20230909_000850-001050,Regional_Earthquake,3.077749392064244e-09,0.0006581103345305085,0.006754775956510318,1.4904650834879267,0.0006581103345429627,0.002738614020697216,0.005219140735557848,272.6,0.9299225064577952,1.1382397584384294,5.998192702467057,110.0,0.44999999999999996,0.7229027207267794,5,5,20230909_000850-001050_R0279.mseed;20230909_000850-001050_R265F.mseed;20230909_000850-001050_R6940.mseed;20230909_000850-001050_R7D17.mseed;20230909_000850-001050_RE5DE.mseed
20230910_102430-102630,Regional_Earthquake,2.8959778409978555e-11,5.2528630247895015e-06,0.0028044547121156556,5.192180947725281,5.2528630251410735e-06,3.063142189307923e-05,3.366779574184927e-07,288.8,1.0899091742354803,1.1803499559041755,5.924217351811405,72.0,0.12999999999999998,0.8822967231838049,5,5,20230910_102430-102630_R0279.mseed;20230910_102430-102630_R265F.mseed;20230910_102430-102630_R6940.mseed;20230910_102430-102630_R7D17.mseed;20230910_102430-102630_RE5DE.mseed
20230819_082840-083040,Regional_Earthquake,-3.2293278102396944e-11,2.3477830530584826e-05,-0.00676405261006637,2.277136847434697,2.3477830530688743e-05,0.00010776367529727785,6.658089611459873e-06,302.4,1.1482376468627615,1.2889990385478662,6.2267751251301116,146.0,0.20999999999999996,0.6332197679053181,5,5,20230819_082840-083040_R0279.mseed;20230819_082840-083040_R265F.mseed;20230819_082840-083040_R6940.mseed;20230819_082840-083040_R7D17.mseed;20230819_082840-083040_RE5DE.mseed
20230823_062000-062200,Regional_Earthquake,1.2212913654881378e-11,4.2131935647207985e-06,-0.004316722207947346,1.2652605278274092,4.213193564922975e-06,1.8269861827847406e-05,2.1390605800398869e-07,309.0,1.2248979251729022,1.256288663053595,6.274488697188713,106.0,0.5099999999999999,0.40958464187891946,5,5,20230823_062000-062200_R0279.mseed;20230823_062000-062200_R265F.mseed;20230823_062000-062200_R6940.mseed;20230823_062000-062200_R7D17.mseed;20230823_062000-062200_RE5DE.mseed
20230901_045910-050110,Regional_Earthquake,-5.085909571125671e-11,8.542786394157005e-06,0.0013583973538022472,2.501112662030809,8.542786394405538e-06,4.116358087517762e-05,8.823452127573244e-07,305.8,1.2382301474877093,1.2977444801180176,6.289419443702487,156.0,0.24999999999999997,0.6027348312876414,5,5,20230901_045910-050110_R0279.mseed;20230901_045910-050110_R265F.mseed;20230901_045910-050110_R6940.mseed;20230901_045910-050110_R7D17.mseed;20230901_045910-050110_RE5DE.mseed
20230911_124020-124220,Regional_Earthquake,5.667815266136637e-11,1.2658341173122775e-05,-0.0019169071649506417,3.282223861033471,1.265834117326688e-05,6.59520595064471e-05,1.926574592527428e-06,282.2,1.036580284976252,1.1943719804737458,6.134744947895234,284.0,0.6699999999999999,0.5784620549009226,5,5,20230911_124020-124220_R0279.mseed;20230911_124020-124220_R265F.mseed;20230911_124020-124220_R6940.mseed;20230911_124020-124220_R7D17.mseed;20230911_124020-124220_RE5DE.mseed
20230818_134120-134320,Regional_Earthquake,-1.0669541412963022e-10,0.00034637362306009806,-0.004422843301132832,2.1430316795427578,0.0003463736230601156,0.001605109433601042,0.0014470000807415193,286.8,1.2582284809599202,1.269451240266331,6.167836149973963,132.0,0.29,0.6531965667413566,5,5,20230818_134120-134320_R0279.mseed;20230818_134120-134320_R265F.mseed;20230818_134120-134320_R6940.mseed;20230818_134120-134320_R7D17.mseed;20230818_134120-134320_RE5DE.mseed
20230816_125640-125840,Regional_Earthquake,1.7559301814676458e-11,6.633120351337844e-05,0.015516387603698275,2.6300193813968997,6.633120351338965e-05,0.00034259950083650895,5.3178666781132686e-05,271.8,1.0849275060411632,1.1419673179920597,5.63768500316107,102.0,0.10999999999999999,0.8860633373293826,5,5,20230816_125640-125840_R0279.mseed;20230816_125640-125840_R265F.mseed;20230816_125640-125840_R6940.mseed;20230816_125640-125840_R7D17.mseed;20230816_125640-125840_RE5DE.mseed
20230907_192430-192630,Regional_Earthquake,-4.412810449438092e-11,1.1632818679602778e-05,-0.02481378248275141,5.180316796322401,1.1632818679739834e-05,6.918564455782943e-05,1.6338780551391796e-06,253.2,0.9349220898258478,1.014903119526738,5.361340947503519,102.0,0.12999999999999998,0.9174824387111246,5,5,20230907_192430-192630_R0279.mseed;20230907_192430-192630_R265F.mseed;20230907_192430-192630_R6940.mseed;20230907_192430-192630_R7D17.mseed;20230907_192430-192630_RE5DE.mseed
20230820_221830-222030,Regional_Earthquake,-2.2914346565572378e-11,1.006678705141686e-05,0.022259123271241913,3.6536983624180293,1.0066787051452762e-05,5.285373817531171e-05,1.2201649897458309e-06,296.6,1.2948920923256395,1.2512825063633262,6.165631284120996,124.0,0.4099999999999999,0.5793830665271967,5,5,20230820_221830-222030_R0279.mseed;20230820_221830-222030_R265F.mseed;20230820_221830-222030_R6940.mseed;20230820_221830-222030_R7D17.mseed;20230820_221830-222030_RE5DE.mseed
20230906_075200-075400,Regional_Earthquake,4.162024960555335e-11,1.599986981789909e-05,-0.011675349593221043,7.411852044771225,1.5999869818007877e-05,0.00010131312012680268,3.079370261375561e-06,302.6,1.3965502874760438,1.3048937422160125,5.95864916428784,350.0,1.13,0.6080701300500488,5,5,20230906_075200-075400_R0279.mseed;20230906_075200-075400_R265F.mseed;20230906_075200-075400_R6940.mseed;20230906_075200-075400_R7D17.mseed;20230906_075200-075400_RE5DE.mseed
20230829_200640-200840,Regional_Earthquake,-5.0757768007988024e-11,8.03682156734528e-06,-0.0037998283789452436,2.6598691235548872,8.036821567533589e-06,3.977088470788233e-05,7.777770188111802e-07,283.8,0.9799183401383218,1.1531141858908338,6.077723398116434,164.0,0.36999999999999994,0.6065144595499254,5,5,20230829_200640-200840_R0279.mseed;20230829_200640-200840_R265F.mseed;20230829_200640-200840_R6940.mseed;20230829_200640-200840_R7D17.mseed;20230829_200640-200840_RE5DE.mseed
20230911_052550-052750,Regional_Earthquake,-2.7573646904124096e-11,7.135136694926691e-06,-0.005856887207710033,2.664769919177496,7.135136695011606e-06,3.150107458481243e-05,6.119960229116582e-07,310.0,1.1799016748604283,1.25863968401595,6.248086287369378,268.0,0.3499999999999999,0.6018388460340617,5,5,20230911_052550-052750_R0279.mseed;20230911_052550-052750_R265F.mseed;20230911_052550-052750_R6940.mseed;20230911_052550-052750_R7D17.mseed;20230911_052550-052750_RE5DE.mseed
20230905_143600-143800,Regional_Earthquake,-6.386638176198816e-11,0.00011686392638955874,0.004748287741655156,2.249938902715555,0.00011686392638959016,0.0005144201259742211,0.0001644332039548,294.0,1.1732355637030247,1.2552289423007605,6.1650071333978405,176.0,0.30999999999999994,0.5964687453614258,5,5,20230905_143600-143800_R0279.mseed;20230905_143600-143800_R265F.mseed;20230905_143600-143800_R6940.mseed;20230905_143600-143800_R7D17.mseed;20230905_143600-143800_RE5DE.mseed
20230912_110850-111050,Regional_Earthquake,-6.996328972506084e-12,5.416193789790681e-05,-0.01648285339752698,2.6244721824881063,5.41619378979733e-05,0.00024793016220908876,3.543925819088354e-05,247.6,0.9015915340388301,0.9965716363572291,5.280894947711382,12.0,0.08999999999999998,0.9023324162912415,5,5,20230912_110850-111050_R0279.mseed;20230912_110850-111050_R265F.mseed;20230912_110850-111050_R6940.mseed;20230912_110850-111050_R7D17.mseed;20230912_110850-111050_RE5DE.mseed
20230826_165930-170130,Regional_Earthquake,1.6613463332021532e-12,2.9835117205928503e-06,0.006458012522806802,1.765490725307896,2.9835117211526666e-06,1.3857763201946367e-05,1.0691153188110598e-07,291.6,0.9549204232980584,1.2485632877478472,6.277242614687846,170.0,0.18999999999999997,0.7318839831654093,5,5,20230826_165930-170130_R0279.mseed;20230826_165930-170130_R265F.mseed;20230826_165930-170130_R6940.mseed;20230826_165930-170130_R7D17.mseed;20230826_165930-170130_RE5DE.mseed
20230829_181640-181840,Regional_Earthquake,1.1254125845016673e-11,5.239840263420306e-06,-0.019741454244129892,4.186601842747969,5.2398402634924305e-06,2.844706031333009e-05,3.3212863029221377e-07,289.2,1.0549120906591116,1.2163810330583094,6.171911612662045,6.0,0.29,0.5181390907366134,5,5,20230829_181640-181840_R0279.mseed;20230829_181640-181840_R265F.mseed;20230829_181640-181840_R6940.mseed;20230829_181640-181840_R7D17.mseed;20230829_181640-181840_RE5DE.mseed
20230821_052750-052950,Regional_Earthquake,9.359078451346935e-11,4.88074147561961e-06,0.012559109637427868,1.945855822795122,4.880741476638115e-06,2.2456339186696802e-05,2.8797897808888246e-07,297.2,1.0265811182401465,1.25573290199025,6.271384957724178,232.0,0.18999999999999997,0.646431539952846,5,5,20230821_052750-052950_R0279.mseed;20230821_052750-052950_R265F.mseed;20230821_052750-052950_R6940.mseed;20230821_052750-052950_R7D17.mseed;20230821_052750-052950_RE5DE.mseed
20230817_092340-092540,Regional_Earthquake,2.002765114670815e-11,6.174494768713743e-05,-0.005661208313583228,2.0747975958937177,6.174494768715076e-05,0.00028788349237070926,4.6039551526122695e-05,286.8,1.1749205621753744,1.2364148753710131,6.046097827841173,126.0,0.44999999999999996,0.5043323247494788,5,5,20230817_092340-092540_R0279.mseed;20230817_092340-092540_R265F.mseed;20230817_092340-092540_R6940.mseed;20230817_092340-092540_R7D17.mseed;20230817_092340-092540_RE5DE.mseed
20230830_021830-022030,Regional_Earthquake,7.300695990515321e-11,1.027512457300993e-05,-0.01159587977698508,0.6834785557473403,1.0275124573449806e-05,4.024053717425437e-05,1.2727163385370785e-06,288.0,1.094908757603533,1.1985824083589067,6.132356513573302,258.0,0.12999999999999998,0.8175437051035618,5,5,20230830_021830-022030_R0279.mseed;20230830_021830-022030_R265F.mseed;20230830_021830-022030_R6940.mseed;20230830_021830-022030_R7D17.mseed;20230830_021830-022030_RE5DE.mseed
20230828_180340-180540,Regional_Earthquake,9.626565648437905e-12,3.1190771821505746e-05,-0.004309992331794192,3.4368122923794395,3.119077182151121e-05,0.00016522259875435805,1.1776241085601591e-05,248.0,0.9915840346637779,1.049522752576506,5.529490881737947,46.0,0.06999999999999999,0.9309257795458126,5,5,20230828_180340-180540_R0279.mseed;20230828_180340-180540_R265F.mseed;20230828_180340-180540_R6940.mseed;20230828_180340-180540_R7D17.mseed;20230828_180340-180540_RE5DE.mseed
20230904_185050-185250,Regional_Earthquake,6.944680180291571e-11,2.8910621819486185e-06,-0.0011909826998681844,0.5533501658322482,2.8910621828808376e-06,1.111982124204863e-05,1.0067361079538343e-07,285.8,0.9299225064577952,1.1899173187677992,6.0654956752076234,106.0,0.049999999999999996,0.7304068466650541,5,5,20230904_185050-185250_R0279.mseed;20230904_185050-185250_R265F.mseed;20230904_185050-185250_R6940.mseed;20230904_185050-185250_R7D17.mseed;20230904_185050-185250_RE5DE.mseed
20230828_195810-200010,Regional_Earthquake,-9.219900445219495e-09,0.00879403584990689,-0.0019288704846371415,1.5695045633115465,0.008794035849928345,0.036075625295643066,0.9282201220779621,288.0,1.1482376468627613,1.1938125479310342,5.940295499161993,114.0,0.3499999999999999,0.680085821374604,5,5,20230828_195810-200010_R0279.mseed;20230828_195810-200010_R265F.mseed;20230828_195810-200010_R6940.mseed;20230828_195810-200010_R7D17.mseed;20230828_195810-200010_RE5DE.mseed
20230904_070740-070940,Regional_Earthquake,-3.1437422998978796e-11,1.3143041042939715e-05,0.017066324684367022,22.666533513555656,1.3143041042989268e-05,0.00013276642478732606,3.7798482678347858e-06,290.0,1.1365719523373052,1.2118615213814488,6.3047197030403,136.0,0.16999999999999998,0.51062668685819,5,5,20230904_070740-070940_R0279.mseed;20230904_070740-070940_R265F.mseed;20230904_070740-070940_R6940.mseed;20230904_070740-070940_R7D17.mseed;20230904_070740-070940_RE5DE.mseed
20230902_190040-190240,Regional_Earthquake,-1.6962220502843577e-11,2.634489294722043e-06,0.027099901522786747,1.6881473907928553,2.6344892950045483e-06,1.097836321156824e-05,8.383317726365417e-08,279.2,0.9515873677193568,1.1791692297853418,6.218674233035086,0.0,1.3899999999999997,0.5988418954417433,5,5,20230902_190040-190240_R0279.mseed;20230902_190040-190240_R265F.mseed;20230902_190040-190240_R6940.mseed;20230902_190040-190240_R7D17.mseed;20230902_190040-190240_RE5DE.mseed
20230825_105050-105250,Regional_Earthquake,-3.7259696216789286e-11,1.47696163539168e-05,0.004253100948614056,7.083494516407157,1.4769616354014888e-05,8.86369873049465e-05,2.633706129174356e-06,296.2,1.1649029247562706,1.262888575752311,6.256482786911096,148.0,0.4099999999999999,0.6424845322896428,5,5,20230825_105050-105250_R0279.mseed;20230825_105050-105250_R265F.mseed;20230825_105050-105250_R6940.mseed;20230825_105050-105250_R7D17.mseed;20230825_105050-105250_RE5DE.mseed
20230905_183320-183520,Regional_Earthquake,7.028807200575816e-12,6.65408071399583e-05,0.007123139796389584,3.0096038949172823,6.654080713998709e-05,0.0003293358862188368,5.376062585918321e-05,299.0,1.4348804266311141,1.3048377328233343,6.190228357818876,214.0,0.5499999999999999,0.5350264945691998,5,5,20230905_183320-183520_R0279.mseed;20230905_183320-183520_R265F.mseed;20230905_183320-183520_R6940.mseed;20230905_183320-183520_R7D17.mseed;20230905_183320-183520_RE5DE.mseed
20230911_125530-125730,Regional_Earthquake,-1.3093112815071514e-11,0.00023054930924141826,-0.03862095032296623,3.38091112128555,0.0002305493092414188,0.0011325029334240716,0.000638806993338158,244.6,0.8999250062494791,1.0051665482511418,5.363785930625849,212.0,0.049999999999999996,0.8382345190248428,5,5,20230911_125530-125730_R0279.mseed;20230911_125530-125730_R265F.mseed;20230911_125530-125730_R6940.mseed;20230911_125530-125730_R7D17.mseed;20230911_125530-125730_RE5DE.mseed
20230905_150940-151140,Regional_Earthquake,1.9658229031147124e-10,1.7432081589983273e-05,-0.008574491375453037,0.7494520669786044,1.743208159120414e-05,6.441542794901665e-05,3.6522843976585044e-06,256.4,1.0149154237146905,1.0644949807087127,5.443467363795224,110.0,0.16999999999999998,0.7932401204236377,5,5,20230905_150940-151140_R0279.mseed;20230905_150940-151140_R265F.mseed;20230905_150940-151140_R6940.mseed;20230905_150940-151140_R7D17.mseed;20230905_150940-151140_RE5DE.mseed
20230904_054350-054550,Regional_Earthquake,3.216885023176882e-11,1.014455248875244e-05,0.02014691968826907,1.7620755041168095,1.0144552488959979e-05,4.20757666221538e-05,1.2391714494756008e-06,293.6,1.0615782018165152,1.2098062600733126,6.273843479864452,234.0,0.36999999999999994,0.6780133762999832,5,5,20230904_054350-054550_R0279.mseed;20230904_054350-054550_R265F.mseed;20230904_054350-054550_R6940.mseed;20230904_054350-054550_R7D17.mseed;20230904_054350-054550_RE5DE.mseed
20230909_144550-144750,Regional_Earthquake,6.300820594851971e-11,3.508434915484547e-05,0.0009394709143690219,3.320543189096701,3.5084349154926296e-05,0.00018752666985898136,1.483583480756479e-05,270.4,1.1949004249645863,1.154351740536479,5.780411693072496,78.0,0.10999999999999999,0.8886372695527293,5,5,20230909_144550-144750_R0279.mseed;20230909_144550-144750_R265F.mseed;20230909_144550-144750_R6940.mseed;20230909_144550-144750_R7D17.mseed;20230909_144550-144750_RE5DE.mseed
20230904_065430-065630,Regional_Earthquake,1.4038816719590754e-11,4.55369705640468e-06,0.009198677814245137,3.249361716361711,4.55369705673465e-06,2.4521049467203586e-05,2.552417664019888e-07,300.8,1.1799016748604283,1.2536096229191407,6.247185717384371,214.0,0.32999999999999996,0.49339922129817043,5,5,20230904_065430-065630_R0279.mseed;20230904_065430-065630_R265F.mseed;20230904_065430-065630_R6940.mseed;20230904_065430-065630_R7D17.mseed;20230904_065430-065630_RE5DE.mseed
20230818_182920-183120,Regional_Earthquake,-1.761079956047241e-11,0.0007844278764804041,0.009530165634498614,2.4318262773793258,0.000784427876480406,0.0035170216380238624,0.007410394257031811,285.0,1.2465627864344637,1.2485020004254759,6.166421972444669,136.0,0.32999999999999996,0.6512579373336003,5,5,20230818_182920-183120_R0279.mseed;20230818_182920-183120_R265F.mseed;20230818_182920-183120_R6940.mseed;20230818_182920-183120_R7D17.mseed;20230818_182920-183120_RE5DE.mseed
20230824_072440-072640,Regional_Earthquake,9.17499799509852e-11,2.871973229794231e-05,-0.003397301811270335,3.730157857820827,2.8719732298182475e-05,0.00014636565804436994,9.95855237075497e-06,291.0,1.0499125072910591,1.2146823517093437,6.229368834881328,264.0,0.32999999999999996,0.6237642615401453,5,5,20230824_072440-072640_R0279.mseed;20230824_072440-072640_R265F.mseed;20230824_072440-072640_R6940.mseed;20230824_072440-072640_R7D17.mseed;20230824_072440-072640_RE5DE.mseed
20230817_043020-043220,Regional_Earthquake,-5.8015959223763984e-09,0.0009108929631050152,-0.012851647273145967,3.3047909851910555,0.0009108929631270824,0.004305518671986794,0.010020853612817097,275.0,0.9749352831708468,1.1118195479118527,5.952186348850996,250.0,0.26999999999999996,0.760412226397364,5,5,20230817_043020-043220_R0279.mseed;20230817_043020-043220_R265F.mseed;20230817_043020-043220_R6940.mseed;20230817_043020-043220_R7D17.mseed;20230817_043020-043220_RE5DE.mseed
20230908_092040-092240,Regional_Earthquake,4.5376093299319857e-11,4.063279851081155e-05,0.010326047362832966,4.254241128302397,4.0632798510870686e-05,0.00024041782298375296,2.0048654358089173e-05,251.4,0.8749270894092159,1.0709787558147237,5.661478354039791,102.0,0.14999999999999997,0.669624501922783,5,5,20230908_092040-092240_R0279.mseed;20230908_092040-092240_R265F.mseed;20230908_092040-092240_R6940.mseed;20230908_092040-092240_R7D17.mseed;20230908_092040-092240_RE5DE.mseed
20230910_054630-054830,Regional_Earthquake,6.190392760855957e-12,4.8339300769294245e-06,0.019288812031072317,5.596049842848706,4.833930076967424e-06,2.851717287076068e-05,2.9054372144185474e-07,292.0,1.106574452128989,1.2013403975812647,6.120197825408583,98.0,0.08999999999999998,0.8461380626836214,5,5,20230910_054630-054830_R0279.mseed;20230910_054630-054830_R265F.mseed;20230910_054630-054830_R6940.mseed;20230910_054630-054830_R7D17.mseed;20230910_054630-054830_RE5DE.mseed
20230910_151340-151540,Regional_Earthquake,-4.54789751325269e-11,1.1386373003105722e-05,0.0007432430208930321,6.130242026259833,1.1386373003219712e-05,6.94070250975642e-05,1.5808708231415287e-06,281.6,1.0815765352887259,1.1533262450658126,5.754321751862759,118.0,0.14999999999999997,0.8374167127463368,5,5,20230910_151340-151540_R0279.mseed;20230910_151340-151540_R265F.mseed;20230910_151340-151540_R6940.mseed;20230910_151340-151540_R7D17.mseed;20230910_151340-151540_RE5DE.mseed
20230825_191800-192000,Regional_Earthquake,4.570091371617563e-11,8.313062333528989e-06,0.003996244994462907,2.4539136802365547,8.313062333776963e-06,3.498440819689324e-05,8.32220104330086e-07,257.2,1.019915007082743,1.0652004149228644,5.540276432636406,28.0,0.10999999999999999,0.9207354288154989,5,5,20230825_191800-192000_R0279.mseed;20230825_191800-192000_R265F.mseed;20230825_191800-192000_R6940.mseed;20230825_191800-192000_R7D17.mseed;20230825_191800-192000_RE5DE.mseed
20230823_195300-195500,Regional_Earthquake,-5.259621211884728e-11,0.0003040564906627171,-0.003942150527769023,2.141025449412849,0.0003040564906627457,0.0013785672880600361,0.0011126419780274769,277.8,1.16490292475627,1.2243365772575368,6.10131912203277,106.0,0.32999999999999996,0.6333057511515096,5,5,20230823_195300-195500_R0279.mseed;20230823_195300-195500_R265F.mseed;20230823_195300-195500_R6940.mseed;20230823_195300-195500_R7D17.mseed;20230823_195300-195500_RE5DE.mseed
20230910_223720-223920,Regional_Earthquake,6.318274004770314e-11,3.597802134713985e-06,0.019464259349165246,1.8494312104781947,3.5978021353210724e-06,1.5890635914511413e-05,1.5560529728683925e-07,293.0,1.211565702858095,1.2535223875676538,6.253160781037178,156.0,0.5099999999999999,0.6059037429047933,5,5,20230910_223720-223920_R0279.mseed;20230910_223720-223920_R265F.mseed;20230910_223720-223920_R6940.mseed;20230910_223720-223920_R7D17.mseed;20230910_223720-223920_RE5DE.mseed
20230905_151540-151740,Regional_Earthquake,-1.3880134993828213e-10,1.3860974604059035e-05,-0.004062770508692156,2.9287767644982963,1.3860974604793017e-05,7.170611406760423e-05,2.3181291727350033e-06,283.6,0.9932505624531289,1.2087445518484556,6.116547364702572,162.0,0.48999999999999994,0.6335371018206991,5,5,20230905_151540-151740_R0279.mseed;20230905_151540-151740_R265F.mseed;20230905_151540-151740_R6940.mseed;20230905_151540-151740_R7D17.mseed;20230905_151540-151740_RE5DE.mseed
20230821_100320-100520,Regional_Earthquake,-4.1177300652323774e-11,1.929436598604094e-05,-0.0008025299625564166,0.7125677962086459,1.9294365986169812e-05,7.459994357464604e-05,4.491293047790869e-06,293.8,1.1815682026497791,1.2154123131940484,6.099445096269454,136.0,0.08999999999999998,0.7749138444915961,5,5,20230821_100320-100520_R0279.mseed;20230821_100320-100520_R265F.mseed;20230821_100320-100520_R6940.mseed;20230821_100320-100520_R7D17.mseed;20230821_100320-100520_RE5DE.mseed
20230817_174400-174600,Regional_Earthquake,-2.7410951226789668e-11,6.901455838069225e-06,0.008517349131770715,3.7928953942717833,6.901455838359035e-06,3.801054067212463e-05,5.759257761899399e-07,273.8,1.2415866733327778,1.2269006427609468,6.172129034878156,130.0,0.16999999999999998,0.5868992632945034,5,5,20230817_174400-174600_R0279.mseed;20230817_174400-174600_R265F.mseed;20230817_174400-174600_R6940.mseed;20230817_174400-174600_R7D17.mseed;20230817_174400-174600_RE5DE.mseed
20230831_103220-103420,Regional_Earthquake,-8.693758043667597e-12,4.5989379405594625e-05,0.016655661780686233,1.658063982185358,4.5989379405606585e-05,0.00020417800485703763,2.547978021093153e-05,275.4,0.9749187567702691,1.1106136858388835,5.872506413293496,124.0,0.20999999999999996,0.8021949654910314,5,5,20230831_103220-103420_R0279.mseed;20230831_103220-103420_R265F.mseed;20230831_103220-103420_R6940.mseed;20230831_103220-103420_R7D17.mseed;20230831_103220-103420_RE5DE.mseed
20230816_095430-095630,Regional_Earthquake,-2.9405397288218597e-11,7.794007194891593e-06,0.0050405439314981666,5.397081920055484,7.794007195010418e-06,4.73319741004571e-05,7.381616553579476e-07,294.8,1.1699193122795324,1.2404588001439008,6.168050936377439,268.0,0.44999999999999996,0.836270619255271,5,5,20230816_095430-095630_R0279.mseed;20230816_095430-095630_R265F.mseed;20230816_095430-095630_R6940.mseed;20230816_095430-095630_R7D17.mseed;20230816_095430-095630_RE5DE.mseed
20230829_043830-044030,Regional_Earthquake,-5.407750708041845e-11,3.616047197383042e-05,0.004146706004018383,1.5469259821551091,3.616047197388144e-05,0.0001638515064025236,1.5796973629755163e-05,269.8,0.989917506874427,1.1298303691401448,5.9969605603080804,154.0,0.10999999999999999,0.6334627496432927,5,5,20230829_043830-044030_R0279.mseed;20230829_043830-044030_R265F.mseed;20230829_043830-044030_R6940.mseed;20230829_043830-044030_R7D17.mseed;20230829_043830-044030_RE5DE.mseed
20230824_150900-151100,Regional_Earthquake,-5.878687389369277e-11,7.096767332715838e-06,-0.0219470446929628,2.0030250920994384,7.096767333271817e-06,3.309434403921355e-05,6.076392759023401e-07,305.2,1.2848929255895343,1.3029829761243956,6.329212905711965,210.0,0.4099999999999999,0.6616832426380211,5,5,20230824_150900-151100_R0279.mseed;20230824_150900-151100_R265F.mseed;20230824_150900-151100_R6940.mseed;20230824_150900-151100_R7D17.mseed;20230824_150900-151100_RE5DE.mseed
